Date,Year,Month_Num,Temperature,Temp_Anomaly,CO2_ppm,Sea_Level_mm,Arctic_Ice_km2,Population_B,CO2_Emissions_Gt
1880-01-01,1880,1,13.665464969289696,-0.3345350307103025,288.2216042294773,5.69704492770901,18.369701210203235,1.5097548618288053,0.46562757838946106
1880-02-01,1880,2,14.733595118701626,0.7335951187016256,288.5267645813328,7.372000266723763,19.060078225846848,1.4881440319038373,0.49436404531917494
1880-03-01,1880,3,15.629408637834905,1.6294086378349046,288.4807717775551,11.271884062191114,19.220553207405857,1.496498012113709,0.5175260290587881
1880-04-01,1880,4,15.812767536116668,1.8127675361166684,289.1385341039884,8.006193866067576,19.148072896538288,1.5135969855837792,0.5209961494091478
1880-05-01,1880,5,15.577314425867948,1.5773144258679483,290.38696685753865,4.764601843367458,18.188195132964164,1.490307269822912,0.46737595127944465
1880-06-01,1880,6,14.839342933200594,0.8393429332005944,290.8750887062486,-1.5616422447059892,16.65468907072685,1.5024135760332178,0.524647160850781
1880-07-01,1880,7,13.783065161934095,-0.2169348380659048,291.8540219305292,-2.69638087406109,15.010248820315095,1.4943064574395128,0.5108439858530347
1880-08-01,1880,8,12.815233522733864,-1.1847664772661377,291.7744996658559,-11.721328508570828,13.91035707881398,1.481153721619882,0.5173738430741038
1880-09-01,1880,9,12.16867754799897,-1.8313224520010305,291.7900440058911,-9.06772044028362,13.86292955806045,1.4977683523175354,0.5017962769516061
1880-10-01,1880,10,11.693580852790063,-2.3064191472099367,291.0317936740399,-4.97871857365268,13.512161354396307,1.5077851392714092,0.5285068292058673
1880-11-01,1880,11,12.181085787954244,-1.8189142120457549,290.31820517058725,-2.11230467963165,14.985005198033729,1.5050061553730592,0.5114909788065323
1880-12-01,1880,12,12.851929674152457,-1.148070325847545,289.2015151144599,4.156653842159704,16.281970225161867,1.520728114039505,0.5192837666598892
1881-01-01,1881,1,13.763055991734369,-0.2369440082656329,289.11156343130796,6.193475035796342,18.131170163569454,1.5017730524289044,0.48216803375255224
1881-02-01,1881,2,14.780117923707468,0.7801179237074685,288.6504472498721,7.8527411902058,19.1858957066639,1.5125166750454553,0.5236920522530494
1881-03-01,1881,3,15.619816831452592,1.6198168314525925,288.72105409923,8.802578632004739,19.58670302182922,1.4869440192760666,0.5124909998794107
1881-04-01,1881,4,15.84391633009427,1.8439163300942705,288.70818856739834,10.584793751435836,19.386656870772484,1.5089944778858893,0.5096042306051259
1881-05-01,1881,5,15.611735876032078,1.6117358760320784,290.3317267131832,4.356214347019815,18.33576832258005,1.5118999245981726,0.5446930119601344
1881-06-01,1881,6,14.976808930150291,0.9768089301502912,291.50998365091175,0.2682382686432719,16.74968629666753,1.5077304967556862,0.5248940199086513
1881-07-01,1881,7,13.8482169605584,-0.1517830394416002,291.6206692125449,-4.084776606881209,15.124342459729183,1.5038367084589022,0.5130992188566165
1881-08-01,1881,8,12.788943869211824,-1.211056130788176,291.8149752689596,-9.456754610385724,13.91113330999656,1.4907399098832337,0.49315765359299757
1881-09-01,1881,9,12.191362894342635,-1.808637105657363,291.9813270900062,-9.913701097600752,13.449931656037466,1.4959782170984304,0.4959854728152874
1881-10-01,1881,10,11.870444043350552,-2.1295559566494475,291.38494263927834,-7.1989197274563725,13.873646977359968,1.5124896563294272,0.5109882926675389
1881-11-01,1881,11,12.088652861117149,-1.9113471388828511,290.23168786628645,-4.788174551420767,14.921553837629187,1.5000585081211693,0.5079960224629563
1881-12-01,1881,12,13.06442547205146,-0.9355745279485408,289.2718236525843,3.558605881113428,16.412050515298652,1.5040322884374122,0.5469503385237535
1882-01-01,1882,1,13.649713405352804,-0.350286594647196,289.15117871789704,5.831162408843595,18.333669880970966,1.5005330569694726,0.5079982084446351
1882-02-01,1882,2,14.867770874551784,0.867770874551784,288.6161977569485,5.007052439934938,19.136526769382247,1.502103200417586,0.53343546081903
1882-03-01,1882,3,15.541988079408789,1.541988079408787,288.12926999927436,14.40821998037267,19.261136147067194,1.523042198602305,0.4895023964943153
1882-04-01,1882,4,15.921097909303809,1.921097909303807,289.49609963116166,8.83416760545731,18.779190991812772,1.4972517092287754,0.5089073523751302
1882-05-01,1882,5,15.348714492849393,1.3487144928493926,290.2674460980604,7.93351606589284,17.91213627509599,1.508317549466152,0.49473158344267565
1882-06-01,1882,6,14.941374635365444,0.9413746353654452,291.2242892392038,0.6135744252030002,16.297419552606602,1.5207751551685966,0.5059652718327484
1882-07-01,1882,7,13.819765076176974,-0.1802349238230256,292.20568977628767,-2.741489838802133,14.883834991662138,1.5161633461482058,0.563360263438302
1882-08-01,1882,8,12.776799733564555,-1.2232002664354429,292.45088358878456,-7.956703669372156,13.737881709139451,1.4973736185094286,0.5450111401643679
1882-09-01,1882,9,12.030812564526313,-1.9691874354736871,292.6799099218119,-6.611261829098567,13.295227269011903,1.5174054206174814,0.5234965503041451
1882-10-01,1882,10,11.8084100092317,-2.1915899907683,291.42209819147496,-9.515795300712256,13.721582255624957,1.5112567615067025,0.4971607913360867
1882-11-01,1882,11,12.086278352963792,-1.9137216470362084,290.58020274675795,-3.459538693545643,14.942889322264147,1.5151704667144492,0.5682160078877652
1882-12-01,1882,12,13.026237751854048,-0.9737622481459524,289.5031782176815,0.3748078074532929,16.707798129203194,1.5030540273652884,0.5256322566254737
1883-01-01,1883,1,13.855140112565042,-0.1448598874349578,288.7769016726149,4.733085729721039,17.757521443135374,1.5124199182050928,0.5382877770734945
1883-02-01,1883,2,14.67660843943635,0.6766084394363503,288.7905450675475,12.489560728948792,18.99248681600488,1.5323850227194422,0.5554897891628554
1883-03-01,1883,3,15.542410964922407,1.5424109649224071,288.9038839494233,9.750593223658216,19.224405593426095,1.505378848719668,0.48499872263253163
1883-04-01,1883,4,15.79934290306815,1.7993429030681494,289.9264306998033,12.820468398547732,19.288189538085604,1.5328936708473708,0.518477387385074
1883-05-01,1883,5,15.507034989322404,1.5070349893224029,290.82156737600974,8.59298886071079,17.77735331270175,1.5093946618519585,0.5031664350813732
1883-06-01,1883,6,14.89114926920427,0.89114926920427,291.7665177754985,1.616995269789446,16.762671386133153,1.5177633637534873,0.5217278092863383
1883-07-01,1883,7,13.900163215040909,-0.0998367849590913,292.3145942868346,-2.4778331692945046,14.902552838729545,1.5161367498839784,0.527355741485148
1883-08-01,1883,8,12.704109983610769,-1.2958900163892313,292.88851753408346,-4.810632014445467,13.82325740468056,1.5427465192968177,0.5356496977767177
1883-09-01,1883,9,12.173564018203036,-1.826435981796964,292.3503559776554,-6.994333371629266,13.601862310194411,1.524074055013425,0.527323582360973
1883-10-01,1883,10,11.801258316476684,-2.198741683523316,292.4037712157174,-8.30238516150741,13.818207115208308,1.5112858395423965,0.5394340707603215
1883-11-01,1883,11,12.112765296085644,-1.887234703914357,290.6143329181472,-4.866612641349004,14.672588133544362,1.5066492428297942,0.53491082915836
1883-12-01,1883,12,12.87636276824854,-1.1236372317514611,289.6504490303931,1.658773160567763,16.58450715938217,1.5110765354440407,0.5351019825404028
1884-01-01,1884,1,14.045354631150818,0.0453546311508183,289.48631847365425,3.6520554226991777,18.079106473131887,1.5162087650138676,0.5275232981450496
1884-02-01,1884,2,14.87897910266288,0.8789791026628802,289.31341935139494,11.052504263174503,19.47311959106948,1.51794326728027,0.532218224469158
1884-03-01,1884,3,15.682951747727564,1.6829517477275644,289.18780717494417,13.645724550804225,19.452774576246817,1.5354740440785226,0.5555706295310843
1884-04-01,1884,4,15.647905585613392,1.6479055856133922,289.91410684727424,11.179105208765105,19.015849896497723,1.5068214333979255,0.5453968676722588
1884-05-01,1884,5,15.458907754170095,1.458907754170097,291.10103319984125,6.8707243239562255,18.168219114168643,1.5119865532067176,0.5521958954211063
1884-06-01,1884,6,14.855956276160324,0.8559562761603239,291.81658803229203,3.664576517903999,16.063936580543235,1.5186943616198125,0.5203074160174664
1884-07-01,1884,7,13.64517904932984,-0.3548209506701596,292.95367057886,-0.991219933439814,15.159712942116599,1.519054065011322,0.5141460151141642
1884-08-01,1884,8,12.891767241000158,-1.1082327589998415,293.50546774985804,-8.773089528424368,14.214692675417758,1.528753384467939,0.4925570189273007
1884-09-01,1884,9,12.146352781007616,-1.853647218992384,293.28135162867613,-8.254770649498973,13.613007802852813,1.4919597657956887,0.5102910605603146
1884-10-01,1884,10,11.936054920851102,-2.0639450791488976,291.951715845974,-5.143589291628896,14.155424383338358,1.519763005917547,0.5555059740346374
1884-11-01,1884,11,12.054637356137585,-1.945362643862417,291.08149703281447,-4.898050614577214,14.959957458615378,1.5154755556776454,0.5265652817201764
1884-12-01,1884,12,12.960926235964871,-1.0390737640351286,289.7928660781767,1.3777340679942167,16.60979448245197,1.5239185257944814,0.5177853953129782
1885-01-01,1885,1,14.062912375330171,0.062912375330173,289.9202614493611,6.840554615654838,18.08814062003752,1.5252940584905061,0.5605856309207121
1885-02-01,1885,2,14.967164296245208,0.9671642962452084,289.37411151077583,10.38856456805729,18.940382678508378,1.5356293556412337,0.5222583497867769
1885-03-01,1885,3,15.487658960957862,1.4876589609578623,289.61088810743456,10.282304656159914,19.563780512873613,1.5007311486057457,0.5316343801104556
1885-04-01,1885,4,15.865443672164234,1.8654436721642345,290.10799525305936,9.520769528910696,19.007902062095532,1.5205791805991207,0.5319844455696119
1885-05-01,1885,5,15.579071274917348,1.5790712749173483,291.04379149801593,9.14625133414616,17.555631245263204,1.5109976611679747,0.5525802177168843
1885-06-01,1885,6,15.040521347184656,1.0405213471846562,292.86701915268105,2.909886142530999,16.877311828469075,1.5285295200619786,0.537614797294794
1885-07-01,1885,7,13.86653742432013,-0.1334625756798697,293.084677108591,-1.9420580765916111,15.23165296246196,1.5197700447440625,0.5527177979177104
1885-08-01,1885,8,12.992505155426038,-1.0074948445739622,293.19747379533095,-5.472065841200888,14.00725254950299,1.5293145953235276,0.5694536136764322
1885-09-01,1885,9,12.241603205201274,-1.7583967947987258,293.0413977306297,-11.45950803809306,13.46603537376757,1.5157099901774518,0.548097443202726
1885-10-01,1885,10,11.676470787033605,-2.323529212966397,292.4550835885626,-4.686696436945244,14.033881446539302,1.5198336795640564,0.5472803017730447
1885-11-01,1885,11,12.063108843210369,-1.936891156789633,291.67609559341213,-1.315172620911282,14.946816019801423,1.5112797916120435,0.5216174940149263
1885-12-01,1885,12,12.87851761254573,-1.12148238745427,290.09470242905303,2.7525535691604333,16.06662459857756,1.5473649727760748,0.5467423311510635
1886-01-01,1886,1,13.854299490270234,-0.1457005097297656,289.4825866000215,9.182579014492928,18.09257602628457,1.5420067500400247,0.5592560294678282
1886-02-01,1886,2,14.786049661738517,0.7860496617385166,289.89726397089447,10.618304718465932,18.96506104478346,1.5405312295360238,0.5695028839348293
1886-03-01,1886,3,15.778551183025268,1.778551183025268,289.75078123077134,11.71624665845584,19.344276202689887,1.528594178442467,0.5189728809086864
1886-04-01,1886,4,15.832192322258422,1.8321923222584215,290.484292139824,13.393806509017798,18.950449417212525,1.5445905182036008,0.5133404788170646
1886-05-01,1886,5,15.722185468858022,1.7221854688580225,291.8222569707001,8.74986303759791,18.138059522245303,1.5097034775603917,0.5580881809627669
1886-06-01,1886,6,14.870079345928389,0.8700793459283886,293.05290296115317,-1.2433770941347635,16.174835131147795,1.5613788487490463,0.5516770058446492
1886-07-01,1886,7,13.746183832253529,-0.2538161677464714,293.3796006990346,0.0296874985777544,15.44740298107409,1.5185019834422278,0.5432797631747678
1886-08-01,1886,8,12.739688729470162,-1.2603112705298385,292.97138022489054,-5.42657585039935,13.958231966517381,1.5340924567058138,0.5288884841018994
1886-09-01,1886,9,12.087703533444438,-1.9122964665555615,293.05080965892756,-6.236613603278137,13.420159869985016,1.5210703779114254,0.5454433766050094
1886-10-01,1886,10,11.897107101474305,-2.102892898525697,292.6249591684806,-7.080707993001492,14.10324907907169,1.5409128247000778,0.5826185958145685
1886-11-01,1886,11,12.193656042611437,-1.8063439573885631,291.4338169322419,-5.496731830894527,15.01488407682918,1.5402103619108152,0.5056972286863015
1886-12-01,1886,12,12.847537108002635,-1.152462891997363,290.71304865951566,3.523257493135969,16.493754686899027,1.5214690852343935,0.5543104306641901
1887-01-01,1887,1,13.927234113999324,-0.0727658860006759,290.17921810305313,8.058422389866228,18.064734340175622,1.5474574268379457,0.5670269956412893
1887-02-01,1887,2,14.87652721821449,0.8765272182144894,290.40384661232173,14.864372512567437,19.02990055691769,1.53776920218404,0.5437250529790821
1887-03-01,1887,3,15.661570392760533,1.6615703927605328,290.3458663023655,11.122479058316326,19.36281730366545,1.5343208947975355,0.5406062002185528
1887-04-01,1887,4,15.826826719302074,1.8268267193020744,290.76692159045973,11.307967141833188,19.126316020336134,1.5424168800890914,0.5704317133112572
1887-05-01,1887,5,15.7760683187255,1.7760683187254998,292.1915628150163,8.056733797215143,17.99391803268596,1.5360682941285682,0.5504503356507242
1887-06-01,1887,6,14.76743516537941,0.7674351653794105,292.67569775234585,2.5023780461327165,16.342764695461728,1.5372995436781443,0.5487714640669666
1887-07-01,1887,7,13.836260506496547,-0.163739493503451,293.92113126895583,-2.282125577228697,15.121074863274956,1.5286745900658658,0.5817448602464157
1887-08-01,1887,8,12.720385517973542,-1.2796144820264583,294.2627542230444,-2.627749861164439,13.608567407083688,1.5305446734136257,0.5285069958744611
1887-09-01,1887,9,12.162975237282572,-1.8370247627174283,293.7585295692491,-5.830290763127013,13.499025763458214,1.532614560295306,0.561169144570847
1887-10-01,1887,10,11.829651451754922,-2.1703485482450784,292.85842665268694,-5.172731380381995,13.982018633599056,1.5380940116548325,0.5428119939565781
1887-11-01,1887,11,11.996499618654996,-2.0035003813450025,291.8085826441078,0.5865953869984406,14.71747288924238,1.5411690878684026,0.5344372994656351
1887-12-01,1887,12,12.830155742424724,-1.169844257575276,290.53239834189986,4.457655003276628,16.707965116330186,1.5306064981656775,0.5670121339217944
1888-01-01,1888,1,13.88760287132032,-0.1123971286796798,290.7084072135615,11.85537061015724,17.931076537042593,1.5494851766705269,0.5542545221408218
1888-02-01,1888,2,14.777654705320437,0.777654705320435,290.14032031783296,12.305918876020051,19.037410477025478,1.5202505655518472,0.5645997989038343
1888-03-01,1888,3,15.657879053373431,1.657879053373431,290.4757110909653,13.147260822052974,19.759713527782676,1.5344347719736915,0.5568407520168759
1888-04-01,1888,4,15.924903451895544,1.924903451895544,291.2976072794457,15.852734620860511,19.09986168580102,1.5429724888807774,0.5960374799856849
1888-05-01,1888,5,15.797481507292373,1.797481507292371,291.94114672931096,11.171617890370928,18.399716842659643,1.5446675785082022,0.5435296689579214
1888-06-01,1888,6,14.782554916129293,0.7825549161292926,293.3209595065117,1.9795177974710916,16.518867713661784,1.5567023761792598,0.5860915861362445
1888-07-01,1888,7,13.731389587818033,-0.2686104121819674,294.1974136271888,1.4504619244190378,15.107407157836885,1.5459196297094557,0.5876488843645306
1888-08-01,1888,8,12.935599016290045,-1.064400983709957,294.1394412384299,-4.974426939752563,13.94540445061686,1.536588116554415,0.5599708643871198
1888-09-01,1888,9,12.36950992805468,-1.6304900719453208,294.17107509686684,-5.740751934949499,13.396185136814886,1.5486185322027546,0.5537779102742427
1888-10-01,1888,10,11.813111200574555,-2.1868887994254447,293.744155742998,-3.434296980015948,13.583912032374643,1.5398326452558517,0.5738220896729037
1888-11-01,1888,11,12.176227316904496,-1.8237726830955052,292.2047554100704,1.7597707291193552,14.82642951536152,1.5371437121257545,0.5558051568138807
1888-12-01,1888,12,12.94965058967516,-1.0503494103248396,291.2186416021235,5.614370593373796,16.449105702626095,1.5327105963013719,0.5937929018765971
1889-01-01,1889,1,13.867910998227142,-0.1320890017728579,290.42202331852894,11.253916525755818,18.036187269758077,1.5241595466316458,0.5231021801665011
1889-02-01,1889,2,14.777151306293907,0.7771513062939075,290.55500831137095,12.864219586429837,18.91480945768726,1.5591860770128452,0.5515352909616864
1889-03-01,1889,3,15.599544021484782,1.5995440214847818,290.3036191640439,14.378758280956625,19.710972161916786,1.5463593363192825,0.5577383038594674
1889-04-01,1889,4,15.749668549728565,1.749668549728565,291.71077121762534,14.525917707996811,19.00721107784715,1.5384498174869583,0.5608432721814628
1889-05-01,1889,5,15.614614740190335,1.6146147401903352,292.3911586710299,11.34794495965875,17.878994593319256,1.5632492172370394,0.5744280388298906
1889-06-01,1889,6,14.829005116807028,0.8290051168070285,293.6919673998534,6.182239110978639,16.640342264824056,1.5516195841654967,0.5857514852284881
1889-07-01,1889,7,14.178219632382564,0.1782196323825626,294.4096460847394,-0.4486223360109841,14.938605881077319,1.5348184679479049,0.5936297698309826
1889-08-01,1889,8,12.95533397763977,-1.0446660223602304,294.34259888915733,-5.373365342945159,13.842163943667407,1.5337715232614295,0.5657528317793468
1889-09-01,1889,9,12.306574414817849,-1.6934255851821511,294.2994254198019,-4.558096145642168,13.482609825319832,1.542711518002643,0.5617275736150226
1889-10-01,1889,10,11.93115863886699,-2.0688413611330105,293.9780779327914,-3.6105912709180616,14.323629071819209,1.5432532357868627,0.5699429334814027
1889-11-01,1889,11,12.19787978171668,-1.802120218283319,292.39636123105424,-1.1677499067189172,15.29705994475755,1.5552817602391567,0.5630158706684314
1889-12-01,1889,12,13.083116729905932,-0.9168832700940684,290.8763012639576,2.5997686032608485,16.521586431265916,1.5417466690326151,0.5908356155129837
1890-01-01,1890,1,13.73717460471417,-0.2628253952858301,291.2075072437647,9.848473881755604,17.69729068228431,1.5462351973659267,0.5669546427350417
1890-02-01,1890,2,14.851237639370703,0.8512376393707051,290.76237499892653,17.014575634385636,18.938466922025185,1.5519178351570149,0.5933238237106014
1890-03-01,1890,3,15.575039179285326,1.5750391792853264,291.5792490146994,13.312715837554869,19.799589653073497,1.5457732442697907,0.5946837387539347
1890-04-01,1890,4,15.876800636585571,1.8768006365855712,291.969295290963,14.574202670846306,19.326059938228273,1.548384587031186,0.5642875770068276
1890-05-01,1890,5,15.788327671213072,1.7883276712130716,292.5276662218499,8.933258777014554,17.94236301272266,1.5611414663779977,0.5903276462771564
1890-06-01,1890,6,14.945370725737726,0.9453707257377264,293.1494554783641,2.219238730738225,16.310196535243552,1.541051826074009,0.5516142798765878
1890-07-01,1890,7,14.00747691944774,0.0074769194477397,294.00906431353224,0.6050182603884264,15.076346311381705,1.54073815492483,0.575793785208824
1890-08-01,1890,8,12.86183442704928,-1.1381655729507187,295.28878406228887,-1.256506739375573,14.042037171993993,1.538528645213687,0.5546287653430453
1890-09-01,1890,9,12.114316864499678,-1.8856831355003223,294.0334695008677,-0.1984016322661905,13.603989149742569,1.5525891091986814,0.5927076570740286
1890-10-01,1890,10,12.022994715612422,-1.9770052843875785,293.90790536707215,-4.278475304935804,13.83930645273817,1.5463635852438191,0.5732045522445904
1890-11-01,1890,11,12.088860888720545,-1.9111391112794556,292.30709114956306,0.2053136152899382,14.879887395269304,1.5470022228658964,0.6015829247268621
1890-12-01,1890,12,12.777891774875464,-1.2221082251245363,291.79026109153443,2.3573612959106742,16.573060034637006,1.559300324974224,0.611124612741704
1891-01-01,1891,1,13.943716639515747,-0.0562833604842509,291.06701601716435,8.097542513962392,18.061595604477336,1.5530686955983195,0.582959690353915
1891-02-01,1891,2,14.7808599820633,0.7808599820632995,291.07226141750925,12.433710790872642,18.99502494290116,1.5371258921692998,0.6002130009657919
1891-03-01,1891,3,15.46129008507484,1.4612900850748396,291.53006973387653,15.03671293907008,19.364008662040728,1.562891443155483,0.5481890118668173
1891-04-01,1891,4,15.7654275480592,1.7654275480592003,291.91848849016844,13.704310223215415,19.179014888781264,1.5655781834728126,0.6278243556824601
1891-05-01,1891,5,15.501520714758938,1.5015207147589376,292.4436108021981,12.653022886413272,18.021963605191353,1.5747290441319797,0.5657141221540034
1891-06-01,1891,6,15.016707113855244,1.0167071138552437,294.21188492134735,6.982649710933605,16.740442035139303,1.5613684844449176,0.6119849837140842
1891-07-01,1891,7,13.93118038085674,-0.0688196191432588,294.76063667651755,6.319425546770775,15.372105535127574,1.5436355304151455,0.5692616887754555
1891-08-01,1891,8,12.995678457345038,-1.004321542654962,294.7259355805146,-3.5409655110445604,13.963730279234559,1.5444557749630676,0.5943742831830265
1891-09-01,1891,9,12.127716875791055,-1.8722831242089448,294.68064186107966,-0.7911709665463569,13.922650716608254,1.5596122924086786,0.5915762657911865
1891-10-01,1891,10,11.946099852994548,-2.053900147005452,294.15226161671546,-1.4895706664018928,13.782529469546159,1.5515860187050126,0.5848176166335833
1891-11-01,1891,11,12.19946160298725,-1.800538397012749,293.0979271563694,-2.5059628787928725,14.715824036323909,1.5542778996030255,0.6055217042199067
1891-12-01,1891,12,12.991980745874736,-1.008019254125264,291.5301311063071,7.1709203657867695,16.466093437610418,1.548678092601558,0.6224025114398725
1892-01-01,1892,1,13.856125262836294,-0.1438747371637063,291.96476499781636,14.97224972815792,17.949183656544214,1.5611180668872175,0.6090384164636129
1892-02-01,1892,2,14.893246612409932,0.8932466124099321,291.6736565767323,14.920561600425142,19.112237224420603,1.5743839313595005,0.5927244352452371
1892-03-01,1892,3,15.809321192342678,1.8093211923426773,291.9578178780072,13.56161130439043,19.538204137048545,1.5593178664420588,0.5881500581631088
1892-04-01,1892,4,15.780976073469454,1.7809760734694535,291.7624536627436,12.999788986244758,19.218915538127515,1.553967069535365,0.5720691222330697
1892-05-01,1892,5,15.870869330138186,1.870869330138186,293.204942933625,13.051479583613707,18.131583274168218,1.576465832214817,0.6035612877859715
1892-06-01,1892,6,14.901796942902848,0.9017969429028464,294.3774238352686,6.094390991836451,16.447597771155966,1.5509350815589573,0.6197373065476657
1892-07-01,1892,7,13.934840356112064,-0.0651596438879362,295.1874864138544,3.1453148420965937,15.73306021028202,1.5572647532971156,0.6065847553004867
1892-08-01,1892,8,12.99474454210957,-1.0052554578904296,295.6761008564794,0.7008347375914161,13.912095156224934,1.5626508933912586,0.6052156375127137
1892-09-01,1892,9,12.25185054498854,-1.7481494550114611,295.15030103091965,0.1610726489293186,13.243794409512121,1.5394655010442109,0.6232456345005597
1892-10-01,1892,10,11.940563990176411,-2.059436009823589,293.9001489580804,4.621968649127356,14.086157443757092,1.557720376054822,0.6152577930256203
1892-11-01,1892,11,12.274288165798705,-1.725711834201297,293.3302785281032,-0.7157856843803465,14.889450887389433,1.5435808813260536,0.5936244610611884
1892-12-01,1892,12,12.951459952707314,-1.0485400472926862,291.9030895181161,8.806425445829069,16.628904043748335,1.5590908860965156,0.6024817089331233
1893-01-01,1893,1,14.017325146846304,0.0173251468463053,291.2995796138624,11.310563595332695,17.97543317087298,1.5515352765991781,0.6059541051962979
1893-02-01,1893,2,14.814586036954594,0.8145860369545943,291.12466919637217,16.69798782716093,19.12305865742612,1.571170594589486,0.6190758107990981
1893-03-01,1893,3,15.529912560128228,1.5299125601282275,291.8021772281862,19.274434708890848,19.47677049951244,1.552058883429262,0.6415093538616455
1893-04-01,1893,4,16.14493420618242,2.14493420618242,292.52779981180504,15.549890068261137,19.026756274907147,1.5583820275340758,0.6224277131235716
1893-05-01,1893,5,15.58787541347645,1.58787541347645,293.6826531131915,11.228869030163963,17.982672576098018,1.5650424421270102,0.6051223460510878
1893-06-01,1893,6,14.938724058289344,0.9387240582893456,294.7214025997115,11.941242978452289,16.418435752256894,1.5619896622209444,0.5996074733952597
1893-07-01,1893,7,13.673965039240214,-0.3260349607597863,295.01888109530023,5.84269069478022,14.882176808104173,1.559407209170411,0.6352428653804381
1893-08-01,1893,8,12.901746511764236,-1.0982534882357626,295.4553057296053,0.1189474384886111,13.879500930825232,1.5667972502967042,0.6474149461912486
1893-09-01,1893,9,12.366614489957062,-1.6333855100429382,295.28804362881027,-1.5678575330510662,13.93104105983433,1.551359268879919,0.629052643984424
1893-10-01,1893,10,12.009031001604216,-1.9909689983957823,294.49083643610675,0.0737623027956726,13.719711997404612,1.5689924419800652,0.5696113067434233
1893-11-01,1893,11,12.302417003577796,-1.697582996422204,293.47358889213945,3.3875953722103542,15.122105463237574,1.5691376967139565,0.616562621302629
1893-12-01,1893,12,12.771566175819268,-1.2284338241807315,292.5860584494268,5.918528744342552,16.504357751303385,1.5657590841315643,0.6112070886110299
1894-01-01,1894,1,13.930743183964935,-0.0692568160350628,292.25168490957213,10.63357952283339,18.035189978903208,1.569134729443876,0.6222208473683054
1894-02-01,1894,2,14.892362403122627,0.8923624031226272,292.55346094035883,21.054856198222865,19.38885957737027,1.568459881385288,0.6401141402958906
1894-03-01,1894,3,15.609322182861144,1.6093221828611437,291.6855841631051,21.752464504964635,19.608957165078536,1.576783184741858,0.603400856408296
1894-04-01,1894,4,15.993384263377822,1.9933842633778216,293.35506911206613,20.002181841373517,19.50122286342075,1.5601661505651885,0.6269218564828832
1894-05-01,1894,5,15.5878668082024,1.587866808202401,293.07186398436625,14.389219141275456,18.204933469550454,1.5638394386623706,0.6534704046544559
1894-06-01,1894,6,14.984692635293746,0.9846926352937456,294.81015740719204,8.081127136093402,16.255508068605916,1.5591588266760312,0.6174893679544327
1894-07-01,1894,7,13.9952591741696,-0.0047408258303995,295.9646901982733,5.524779111242507,14.71365624890496,1.5726679597631825,0.638310635612178
1894-08-01,1894,8,12.997601288132437,-1.0023987118675652,295.2206359053898,-2.022474043538068,14.059269913530638,1.5483030895861654,0.604974092374765
1894-09-01,1894,9,12.368840119120446,-1.6311598808795544,295.9014726423094,-2.449635916619991,13.527882713605619,1.579858049326072,0.6168524357739286
1894-10-01,1894,10,11.94492782202246,-2.0550721779775394,295.35623837018653,-0.2018943680897278,13.850278863421872,1.5827491767185202,0.6343709658837374
1894-11-01,1894,11,12.322925389697598,-1.6770746103024017,293.55401157431766,3.038997478668538,15.059921205285939,1.5781262997906036,0.632833396014332
1894-12-01,1894,12,12.966296420270096,-1.033703579729904,293.0235412487206,9.39808820849956,16.632820228817575,1.5728382958282057,0.613864972666883
1895-01-01,1895,1,13.99244609507848,-0.0075539049215187,292.60378308207083,17.149762981268328,17.744693623662297,1.5883086256879386,0.6092076437459606
1895-02-01,1895,2,15.052766808147236,1.0527668081472346,292.4771302033951,19.63050789419313,19.475109291894285,1.5841429531626299,0.6352898492884839
1895-03-01,1895,3,15.899534265670274,1.8995342656702745,292.96464442355335,20.027296238047832,19.45686564688806,1.5851923711645635,0.6519562537854703
1895-04-01,1895,4,15.92600030544166,1.9260003054416612,293.42617771207557,17.400121878225402,19.239769543722407,1.5832786672047297,0.6170097040189021
1895-05-01,1895,5,15.797636296614526,1.7976362966145256,294.225728038142,17.63264363073606,17.87341238422413,1.5794875548874414,0.6098887999328286
1895-06-01,1895,6,14.932998338141726,0.9329983381417256,294.8114854221459,12.757428636477892,16.408839435318953,1.580626407805147,0.6455147676698795
1895-07-01,1895,7,13.984135416927408,-0.0158645830725934,295.32182633004726,8.965924746692256,14.656705326067998,1.5844116256701,0.6275662912592433
1895-08-01,1895,8,12.962825505671802,-1.0371744943281982,296.20093102308874,-1.795159480267082,13.623165077044277,1.5544799131738913,0.6290329624022752
1895-09-01,1895,9,12.153580047177329,-1.8464199528226717,295.78223977710894,-0.3542751462471682,13.6986500634201,1.5770997404442153,0.6299819812761955
1895-10-01,1895,10,11.772644007599428,-2.227355992400572,295.10511695223823,1.3353994101333124,13.817740538855016,1.5583333974741824,0.6049753739974584
1895-11-01,1895,11,12.209135550580848,-1.7908644494191517,294.32705246701744,2.7494632364046137,14.91451348804248,1.5807654317247055,0.6189789119722225
1895-12-01,1895,12,12.757820957376454,-1.2421790426235455,292.40168887841264,8.630985690235525,16.58629155614182,1.5781730102803058,0.6277473337079563
1896-01-01,1896,1,14.12253963087369,0.1225396308736908,292.374051803437,9.684464450677758,17.620969873264592,1.5906024894723074,0.6098073571310766
1896-02-01,1896,2,14.975590431091245,0.9755904310912448,292.33907299019523,16.819387529306045,18.916777239597383,1.6027700272912722,0.6548954921520822
1896-03-01,1896,3,15.750509890803803,1.750509890803805,292.87025047459747,23.83616577156066,19.695622690001464,1.567742953824494,0.6311798837169964
1896-04-01,1896,4,16.07662716670713,2.07662716670713,293.50804738301116,18.707862344629888,18.816170869073428,1.5719236371455891,0.6185325638843424
1896-05-01,1896,5,15.635003310733609,1.635003310733607,294.3479085683297,14.642301614205774,18.112219372918098,1.5865619150019155,0.5898075801979552
1896-06-01,1896,6,14.947846412870504,0.9478464128705042,296.0233191358451,10.278399851709692,16.498174664337547,1.5709406111841115,0.6526239882894123
1896-07-01,1896,7,13.974726204969668,-0.0252737950303316,296.45720134823404,6.910374426538336,14.820826076798145,1.571057334725662,0.6304164468276836
1896-08-01,1896,8,12.825752885846882,-1.1742471141531183,296.38426198961577,-0.1910946151914543,13.78792857609606,1.5829504785467774,0.6535963561762669
1896-09-01,1896,9,12.228797138208872,-1.771202861791128,296.4478714057927,0.283211918132897,13.191932513644629,1.5756565828909466,0.6245757902212686
1896-10-01,1896,10,11.971110705164358,-2.0288892948356416,295.6702566394406,-0.2717277329306635,14.262062304146202,1.564262868797144,0.6241180350202787
1896-11-01,1896,11,12.415091341265152,-1.5849086587348469,294.3015496746957,4.920916322496535,15.138697743918936,1.57469349186726,0.6279583874019352
1896-12-01,1896,12,12.924469665518306,-1.0755303344816944,293.21285109433995,6.737079187576937,16.272362096509365,1.5849121548241851,0.6081096461007581
1897-01-01,1897,1,14.131276076837793,0.1312760768377909,292.76787964539506,17.20972279656992,18.336591886396267,1.5954600596800137,0.6425932709019846
1897-02-01,1897,2,14.80678261110181,0.8067826111018093,293.6263736542949,21.921810892201016,19.105770826758278,1.5835667661365622,0.6722375641330796
1897-03-01,1897,3,15.702242837490015,1.702242837490017,293.1924981726662,19.200317905869568,19.464975713900262,1.6016923979903526,0.6397851185356775
1897-04-01,1897,4,16.04693885019911,2.0469388501991084,294.1011131465845,21.088791056336,19.092739923464308,1.6022293940913652,0.6508522911620516
1897-05-01,1897,5,15.57711551451002,1.5771155145100213,294.4138149230597,13.731109965552577,18.106243616973135,1.5890150497924818,0.6617231294787901
1897-06-01,1897,6,15.05206843461942,1.0520684346194198,295.83543460883396,10.270404801346295,16.71573972829444,1.5865985755848648,0.6133860817854291
1897-07-01,1897,7,14.049658984067545,0.0496589840675429,295.95935255532305,7.318753120221283,15.208416074520116,1.5862726835509868,0.6659052385003266
1897-08-01,1897,8,12.997014416787634,-1.0029855832123662,297.4333300289364,2.130989227629722,13.923274554240704,1.585549314572111,0.6432633245014002
1897-09-01,1897,9,12.158307089536155,-1.8416929104638449,297.08720845417594,1.5613891301205705,13.608068376440995,1.5801621083346984,0.5943697711719252
1897-10-01,1897,10,11.8624503720717,-2.1375496279283013,295.35962292089357,2.212709705383221,13.430469321379634,1.5812680019775696,0.6616742754156216
1897-11-01,1897,11,12.351427660530316,-1.648572339469684,294.5556593787816,7.592597411096865,15.195730471444262,1.5952112691145655,0.6460312137399884
1897-12-01,1897,12,13.035240140302625,-0.9647598596973772,293.6138135256802,10.68788349563002,16.44590062145363,1.5762189699279268,0.6661501165239427
1898-01-01,1898,1,13.890423823967664,-0.1095761760323359,293.28873075933757,14.547699288835965,17.97578955133278,1.5995750096688668,0.6156451511215841
1898-02-01,1898,2,14.931568801234862,0.931568801234862,293.0555339715086,20.546767574735288,18.597487854503033,1.5884614760492082,0.6169812802800727
1898-03-01,1898,3,15.929718784401247,1.929718784401249,293.35852829366894,21.204926723938637,19.189099800280463,1.5887593504629542,0.6811991298732377
1898-04-01,1898,4,16.040481844057627,2.040481844057627,293.63936482275994,18.17933727851237,19.044194225393174,1.5956120833784284,0.6698214678874649
1898-05-01,1898,5,15.738507466244334,1.738507466244334,294.9555021305026,21.050618286186378,18.064520508756324,1.589028973641536,0.6335098915401612
1898-06-01,1898,6,14.886811586197314,0.8868115861973145,295.7228116801575,11.593574909816695,16.389708136690953,1.5964357292235218,0.6789550455060415
1898-07-01,1898,7,13.95466673388027,-0.0453332661197301,296.3881898581676,6.185266937064888,14.828166069826052,1.5714479179078533,0.6641078495772611
1898-08-01,1898,8,12.9531920444263,-1.0468079555736995,296.8560130001146,3.1007878065788854,13.55264182641783,1.6042438089500153,0.6759391507455943
1898-09-01,1898,9,12.27363356482761,-1.7263664351723893,296.74185773363877,5.135474197935811,13.355591206203895,1.5835663445194974,0.6720973753519758
1898-10-01,1898,10,11.907830851653294,-2.0921691483467058,295.9143292521925,2.5920675164727127,13.651039312053785,1.6005446598452804,0.6318157326410545
1898-11-01,1898,11,12.100468250424528,-1.899531749575473,294.7689251907429,6.343194186172314,15.16640299841288,1.5947907628243088,0.6502280925591116
1898-12-01,1898,12,12.916506890571092,-1.0834931094289075,294.0257597547574,12.195655026065984,16.569869647734254,1.5813566536828931,0.6257667370414404
1899-01-01,1899,1,14.106410936692372,0.106410936692372,293.4434254838876,17.525102686117794,18.058186982752222,1.5825324014845332,0.6523886947577755
1899-02-01,1899,2,14.901854991307868,0.901854991307868,292.87839274406673,20.503231929319984,19.002151805137633,1.6089356130771968,0.6140758427477785
1899-03-01,1899,3,15.703294681224842,1.7032946812248415,293.71792319557755,22.93083307091631,19.871157793990818,1.606365102360418,0.6507984175676202
1899-04-01,1899,4,15.804513591539935,1.804513591539937,294.29911603904355,22.393480851701497,19.18752449169594,1.6203286032636144,0.6880775571990717
1899-05-01,1899,5,15.64064325503661,1.6406432550366097,295.4542934588705,19.397532539145367,18.125095915877516,1.608922351927813,0.6236026620696862
1899-06-01,1899,6,15.134792495130236,1.1347924951302346,296.3512723625927,11.707799086940357,16.353063344406134,1.5946086613254085,0.6795111784514013
1899-07-01,1899,7,13.882734600668602,-0.1172653993313979,296.91111817700937,4.216826492698903,14.999106129540312,1.6027307680671554,0.6460316730394516
1899-08-01,1899,8,13.01352414238252,-0.9864758576174796,297.1270416856378,0.3852140239834716,13.729525576679297,1.5817536213882586,0.6797706130075069
1899-09-01,1899,9,12.315905405750073,-1.6840945942499277,297.2567571035186,-0.723040824463697,13.490325702459048,1.5759696267763506,0.6710394657849916
1899-10-01,1899,10,12.063856215546256,-1.936143784453744,296.1567274317862,6.19532957702888,13.86830836132737,1.5968284940959392,0.6910337614446203
1899-11-01,1899,11,12.26733494376923,-1.7326650562307702,294.91825387408176,8.840183398708197,15.016679959904861,1.6027091105209994,0.6394532402338956
1899-12-01,1899,12,12.849563955671368,-1.1504360443286323,294.4994459856639,13.085237610229482,16.159623261619736,1.5955021143067996,0.7101633830105686
1900-01-01,1900,1,13.968257057118972,-0.0317429428810278,294.08617818500875,19.205694457867956,17.942491939507295,1.8965710985208784,0.5900859422076141
1900-02-01,1900,2,14.889307228379872,0.889307228379872,293.3761492991104,25.280745859689823,18.97679868734518,1.9063251136789063,0.5798778838194321
1900-03-01,1900,3,15.665854855072425,1.665854855072423,294.577801062637,27.410978559565688,19.526913990461534,1.9026947542751915,0.7482680009136998
1900-04-01,1900,4,16.024474697167594,2.0244746971675944,294.0596010525373,24.94242369838271,19.32021219533571,1.929901992434464,0.5211506081251508
1900-05-01,1900,5,15.733612219235592,1.7336122192355925,296.0939305323177,19.473944356653707,17.712526251153704,1.9037653009240445,0.5528581446825838
1900-06-01,1900,6,14.978356926180762,0.978356926180762,296.59069948084425,11.336971765716838,16.513706751463346,1.8955263699226617,0.6814819070679071
1900-07-01,1900,7,14.150562586843773,0.1505625868437725,297.0568383571351,9.824057982680747,14.97854943788109,1.912915085272733,0.9416288235787648
1900-08-01,1900,8,13.028043161163373,-0.9719568388366272,297.22079496624036,5.896048044652087,13.758933818133222,1.8988058128979437,0.7643872209703149
1900-09-01,1900,9,12.223458209211763,-1.7765417907882366,296.72218297985216,4.124375665520253,13.30121500173367,1.9094908937442945,0.6210120552035816
1900-10-01,1900,10,12.102353233846314,-1.8976467661536864,296.59064186403737,5.137320268625055,13.583580424488916,1.9128878320650944,0.3550210594056977
1900-11-01,1900,11,12.262804387178512,-1.7371956128214876,295.4547423354129,6.160305981329815,15.245056182288463,1.8930960909660128,0.7381376304956203
1900-12-01,1900,12,13.091675709234911,-0.908324290765087,294.7890742058716,13.451607869608369,16.403470164706828,1.908025537742543,0.258453678975562
1901-01-01,1901,1,13.946138134495104,-0.0538618655048974,294.5368309864002,20.46560738365318,17.78431793174214,1.9266464535775447,0.2804799227609363
1901-02-01,1901,2,14.71240251762133,0.7124025176213298,293.63360675402504,20.582812230319544,18.551174871193577,1.9051750172229347,0.9439442504300244
1901-03-01,1901,3,15.797897590100543,1.7978975901005452,294.2182931218393,23.830983334196784,19.143760899575923,1.9191538940056732,0.5162761837492241
1901-04-01,1901,4,15.793966298603484,1.7939662986034826,294.5415999370308,21.684769581262834,19.17271029202142,1.9235485331560531,0.4087519786566673
1901-05-01,1901,5,15.699753172223303,1.6997531722233052,295.55755319144134,20.378787461071443,17.914009849181834,1.9130710271507287,1.020748337914824
1901-06-01,1901,6,14.841851262628357,0.8418512626283547,297.1879213417767,14.43303467816209,16.66658313270939,1.9136451628623277,0.4602606186449087
1901-07-01,1901,7,13.852688914011198,-0.147311085988802,297.2305179599659,10.491266576668314,14.829951433369096,1.915392245834925,0.4336742184690423
1901-08-01,1901,8,13.059840271647833,-0.9401597283521674,297.7997411186058,7.246876090417098,13.582835517235983,1.903943801263815,0.498505977313611
1901-09-01,1901,9,12.10945811147042,-1.8905418885295813,297.3060777031052,4.909203142997803,13.41013676260883,1.911317988515445,0.640622255329995
1901-10-01,1901,10,12.08973952125073,-1.9102604787492703,296.6195921013309,7.987323543614879,13.65536003692593,1.9112701401299823,0.1964698178335213
1901-11-01,1901,11,12.469982784694722,-1.5300172153052785,295.1777567259038,9.815127375007922,15.175859623623396,1.9100993613548585,0.9870652735148752
1901-12-01,1901,12,12.956300893608791,-1.0436991063912089,294.4243142816501,13.340924624140154,16.427979850523634,1.9293428641902648,0.3544292942950621
1902-01-01,1902,1,14.148687966784149,0.1486879667841485,294.3432320734854,18.93128223957249,17.628380383408494,1.932294233949239,0.6797847638820709
1902-02-01,1902,2,15.009214718455183,1.0092147184551834,294.1395985393703,23.73919312710262,19.273717003705954,1.932827307959219,0.7400887336305908
1902-03-01,1902,3,15.878244763644092,1.8782447636440924,294.4024480883976,23.19622220832608,19.358290504020086,1.9387285677574773,0.8182876564325977
1902-04-01,1902,4,16.00422776866613,2.00422776866613,295.00696907571796,23.357643235205582,19.398063765459327,1.9178942682739453,0.7530261977735894
1902-05-01,1902,5,15.780151570333798,1.780151570333798,295.8304857613421,19.208771028339683,18.072901310419105,1.9293487535902465,0.5419843645174913
1902-06-01,1902,6,14.99629462582078,0.9962946258207808,297.1908245488121,15.037646768156057,16.358786634534006,1.931764314956501,0.3409864604812527
1902-07-01,1902,7,13.973239308867408,-0.0267606911325923,297.47836069733734,10.696876614690192,15.00492951708799,1.9430990492686997,0.6101150441081812
1902-08-01,1902,8,13.044840238436205,-0.955159761563797,297.9883587058266,6.407116815387439,14.020360707007034,1.91731713117906,1.1695996164687674
1902-09-01,1902,9,12.24013640851397,-1.7598635914860292,297.7865067965882,5.847745523042078,13.300143569280573,1.93374643043764,0.7230685471799412
1902-10-01,1902,10,11.951182891897714,-2.048817108102286,297.13434818015946,8.54724366898979,14.106941774194624,1.9327082174212789,0.3668821314270267
1902-11-01,1902,11,12.218388594905838,-1.7816114050941625,296.6801601707542,10.9704559853105,15.047300763439608,1.9406728318787816,0.6082193829116908
1902-12-01,1902,12,13.063273824655957,-0.9367261753440436,294.5526964725768,15.037985197258614,16.964215674844016,1.93012769837266,0.6196212007126054
1903-01-01,1903,1,14.07183775544168,0.0718377554416811,293.7886243550861,23.381306341871515,18.1931342283144,1.9500624809716207,0.6921441799367378
1903-02-01,1903,2,15.198530869495086,1.1985308694950856,294.78731307416103,24.60923105299966,19.23577100661234,1.9580816059680823,0.6748893120373309
1903-03-01,1903,3,15.60398071926724,1.6039807192672395,294.17697413699705,27.722369352727927,19.458434727728118,1.966792098028402,0.9177522572837936
1903-04-01,1903,4,16.121639989999224,2.121639989999224,295.04014818127524,28.569284540777343,18.662069205427457,1.965490010438636,0.7070317345762596
1903-05-01,1903,5,15.86532847590697,1.8653284759069704,295.8607302965545,24.19606975634795,17.97325181813818,1.956391797606324,0.7577143704914838
1903-06-01,1903,6,15.112955408934768,1.1129554089347682,297.13207126424464,12.396891904509186,16.774243459031858,1.9687243973428168,0.5288701053549606
1903-07-01,1903,7,14.07898278058949,0.0789827805894898,297.9530850002275,11.297876753341434,15.047607877781942,1.950852347382632,0.7915547090217933
1903-08-01,1903,8,12.846235116569169,-1.1537648834308314,298.1399491337736,10.093559900805722,14.170949620617213,1.9534913153633893,0.377625389815647
1903-09-01,1903,9,12.387452564121263,-1.612547435878735,298.16809942502016,9.32697716282839,13.721848389877126,1.9496577696422,0.3709064565883685
1903-10-01,1903,10,11.939521167646625,-2.060478832353376,297.8454798517931,7.333762495596006,13.833461256969375,1.9691784465886275,0.387332768218861
1903-11-01,1903,11,12.31525554009163,-1.6847444599083694,296.75415208013413,11.003933245070144,15.296850614548006,1.9499542023062024,0.4098040735458882
1903-12-01,1903,12,13.034976749846338,-0.9650232501536616,295.4877209416446,20.02325032779105,16.45195168155697,1.9421667282894437,0.5501525354629886
1904-01-01,1904,1,14.071380522400704,0.0713805224007053,295.0813859156609,22.36955285088515,18.014347745667607,1.9903017874433384,0.4066722266623345
1904-02-01,1904,2,15.161442461506764,1.1614424615067644,294.9245563780506,27.10885362805149,19.164139515556688,1.9733509416951045,0.6201010138468186
1904-03-01,1904,3,15.8210503828452,1.8210503828451987,294.95302219514315,27.79721617068349,19.634642092636838,1.989105981025519,0.7805992291349643
1904-04-01,1904,4,16.033310681878593,2.033310681878593,295.91608553545336,27.843489621386443,18.91715023823759,1.9603328827797089,0.8752165483727702
1904-05-01,1904,5,15.77127284025521,1.7712728402552091,296.2515020683444,24.07546074379841,18.233356659778295,1.9656777634565272,0.7286107361727914
1904-06-01,1904,6,15.363965013926146,1.363965013926146,297.44446505210755,16.530780777399425,16.659709504259443,1.9766058691124269,0.6757772410049653
1904-07-01,1904,7,14.118142368851087,0.1181423688510872,297.99471359371904,11.895901741070409,15.008185886359627,1.9668682177117485,0.5185285398459134
1904-08-01,1904,8,12.997770432817152,-1.002229567182848,298.9020708102858,8.930426813066289,13.696625457735498,1.9586993074393453,0.5594918462578885
1904-09-01,1904,9,12.303260861188797,-1.6967391388112034,298.0713972394592,5.507712598885876,13.25531165487555,1.96663008126722,0.5880597974567481
1904-10-01,1904,10,12.110502708421738,-1.8894972915782624,298.0626080163274,8.958162493941881,13.902910138118191,1.9819828055033568,0.471892437747222
1904-11-01,1904,11,12.182171713479848,-1.817828286520152,297.8741275396663,12.968874235457882,15.468980171754367,1.9784837534293436,0.9210405024456344
1904-12-01,1904,12,12.999058996218997,-1.0009410037810031,295.63561031143195,14.651094731326753,16.45964108171463,1.9759699549413132,0.7773702703335159
1905-01-01,1905,1,13.993285411715288,-0.0067145882847121,295.0712440926253,24.250763602847275,17.96852363739576,1.9774486577323969,0.3781072960061831
1905-02-01,1905,2,14.961920145048214,0.9619201450482144,294.8192341878465,28.14797593375001,19.109504167393553,1.976384148717025,0.5278596795249648
1905-03-01,1905,3,15.65577328896919,1.6557732889691898,295.17125708777803,26.574404883523517,19.41458406917308,1.977320045438948,0.3915195229600384
1905-04-01,1905,4,16.176573914776686,2.176573914776686,295.72560580474527,27.097070360634664,18.62348654949763,1.9727723781265416,0.4299886344633664
1905-05-01,1905,5,15.834619804660742,1.8346198046607416,296.70349936693293,19.75957448989076,17.677010467692437,1.9873002961249533,0.4442359297730365
1905-06-01,1905,6,14.94364326634722,0.9436432663472196,297.93498867932055,21.80867789988056,16.54100784617214,1.978317727024743,0.735258353387338
1905-07-01,1905,7,13.939725941678708,-0.0602740583212924,298.42641472491636,15.159504626466784,14.925747709142701,1.9773045578718207,0.6097648190426463
1905-08-01,1905,8,13.109236994419836,-0.8907630055801654,299.1731724998545,7.806307821161138,13.920213148552847,1.9844112542109391,0.3648439774467916
1905-09-01,1905,9,12.484448238321823,-1.515551761678175,298.6153283046376,8.427909924897582,13.529526534125507,1.970025757230234,0.378274176127407
1905-10-01,1905,10,12.096189741292276,-1.9038102587077252,297.8459600777967,13.323950381746643,13.799981125990206,1.9749016229032497,0.6877697770634514
1905-11-01,1905,11,12.271046070234885,-1.7289539297651153,297.108353188767,16.08211800241367,14.973252249025379,1.983252642666094,0.7163707455032324
1905-12-01,1905,12,13.21141907180158,-0.7885809281984208,295.7825292885559,21.4685054260742,16.85599083943345,1.9902620607107369,0.7623799563937232
1906-01-01,1906,1,13.98168064725186,-0.01831935274814,295.5387494711667,27.098772207620197,18.04493965690577,2.005064896846342,0.8492984251224936
1906-02-01,1906,2,14.996439194123452,0.996439194123452,295.28723879447773,26.731921530038395,19.015530582247994,2.006130389789888,0.6808722203279166
1906-03-01,1906,3,15.77173193305457,1.7717319330545696,295.715377611801,27.20301459967224,19.898842743173407,1.997377256609396,0.7945733146429115
1906-04-01,1906,4,15.804731923324614,1.8047319233246133,295.95035644665404,25.27942841146376,19.047546354638573,2.002443229874672,0.4056080323595705
1906-05-01,1906,5,15.666719317807162,1.6667193178071624,296.72077020652085,22.55823907992022,17.57292814468679,2.00087873271936,0.7337666506760548
1906-06-01,1906,6,14.9815525329466,0.9815525329465996,298.6458750586072,21.15100688144951,16.403345673671502,1.9877661401080824,0.4419626879900491
1906-07-01,1906,7,14.199901485890548,0.1999014858905479,298.8616934421533,18.936766696304545,14.70209596623621,1.9912661181549824,0.1709737765442841
1906-08-01,1906,8,13.005828775839104,-0.9941712241608958,299.18841098388145,10.507629251504229,14.21945325967836,2.0089165459332383,0.5239868562689706
1906-09-01,1906,9,12.11958685559479,-1.8804131444052103,298.7827149674446,6.653818568610097,13.372873300409266,1.99377655201497,0.6319859894169385
1906-10-01,1906,10,12.008368280542426,-1.9916317194575743,297.8783431690847,6.97977518944066,14.073656178621821,2.00106951068331,0.4527276232373081
1906-11-01,1906,11,12.278010455345168,-1.721989544654832,297.57132747530073,14.435616986687574,14.808689212567973,2.0296401414288785,0.811753437198218
1906-12-01,1906,12,12.926939632640318,-1.073060367359682,296.8878084551991,22.254477275843225,16.345302743679717,2.0172935181918072,0.8885373372912009
1907-01-01,1907,1,13.97066820649824,-0.0293317935017611,295.6696984126364,25.5536453331796,18.205827658957617,2.009771016503472,0.6747792243412037
1907-02-01,1907,2,15.001766941660993,1.001766941660993,295.60176490080664,28.617605701528635,18.962643781693878,2.0395808842234557,0.8145019274250337
1907-03-01,1907,3,15.987292072653398,1.987292072653398,295.6673259077618,27.993159529109292,19.284997637452655,2.017579919400089,0.8218066522033557
1907-04-01,1907,4,15.965703655990415,1.965703655990417,296.37614807933215,25.4156810957256,18.85584140410621,2.019842719237543,0.5290476857431009
1907-05-01,1907,5,15.843774606091014,1.8437746060910136,297.37990749789674,28.28693404921857,18.012431436859316,2.0284408789959154,0.5540643391751432
1907-06-01,1907,6,15.145535458986783,1.1455354589867834,298.4051937900909,19.18567345704001,16.641903893239018,2.033389849980708,0.506931388809307
1907-07-01,1907,7,14.025840710021672,0.0258407100216722,299.02146201588727,11.20377474094094,14.856357126327566,2.029692028006098,0.5876963359179207
1907-08-01,1907,8,13.10034373037597,-0.89965626962403,299.2927604203909,9.687257327188464,13.66889720796895,2.022407497713841,0.3066404637863266
1907-09-01,1907,9,12.235660740493929,-1.7643392595060714,299.43539126573523,12.586835002537708,13.19193867351539,2.0203998470454367,0.9951118622387312
1907-10-01,1907,10,12.052177862837688,-1.947822137162312,298.4480755754628,11.599613956371138,13.875716533242432,2.0145827987082057,0.6324875222053491
1907-11-01,1907,11,12.194113568540402,-1.805886431459598,297.0113557188445,15.115441714588435,14.922112399563046,2.0316706575097347,0.7384193572610946
1907-12-01,1907,12,13.0564047269726,-0.9435952730274,296.0769573041899,18.77490901896488,16.767913942204792,2.028887682168975,0.6602745529454901
1908-01-01,1908,1,14.090452336571255,0.0904523365712552,295.81664020010305,27.58753641247601,17.89595031591251,2.053482253946035,0.8019089769012959
1908-02-01,1908,2,15.053550152825167,1.053550152825169,295.7992570272918,31.987522720293907,18.506770063611945,2.0368370440070334,0.9146096691932778
1908-03-01,1908,3,15.68972903175063,1.6897290317506304,295.7897825094528,33.24197715327857,19.540326648140134,2.0433358505498207,0.3590986166537738
1908-04-01,1908,4,16.008607921733894,2.008607921733894,296.60584548470814,28.1154250885537,19.445736510700353,2.034670564995252,0.4481164421443562
1908-05-01,1908,5,15.863213122755695,1.8632131227556956,298.2660140161378,25.45660489976534,17.725244524393805,2.0436937242726096,0.799656137568837
1908-06-01,1908,6,15.007736801013907,1.0077368010139072,298.9030695163355,23.986089191571143,16.311420872765304,2.037294908965851,0.6870031713375252
1908-07-01,1908,7,13.955058438250989,-0.0449415617490132,299.63917582680926,18.83321370766829,15.327312430118699,2.050217351796947,0.8504616539453859
1908-08-01,1908,8,13.158873624508743,-0.841126375491255,299.5651472797893,16.037546996850686,14.492916229675881,2.032894078696138,0.662332015285417
1908-09-01,1908,9,12.239956695511276,-1.7600433044887236,299.03766412308835,12.062536888061794,13.315577091300609,2.0510366852519426,0.6761935079010911
1908-10-01,1908,10,12.052171006574268,-1.947828993425732,298.8080496230104,11.27962920648404,14.279378183481564,2.053142568938453,0.7576616210733538
1908-11-01,1908,11,12.374499493689587,-1.6255005063104129,297.4334496906503,15.395860680383842,14.965160864043972,2.023709675359002,0.9227169579028448
1908-12-01,1908,12,13.04205965867377,-0.9579403413262302,296.6012089781486,22.790184839426114,16.876840030421818,2.033721399079175,0.5679756722492224
1909-01-01,1909,1,14.054511407841076,0.0545114078410762,296.07587987125015,26.784628025070283,18.018820950423393,2.068189432543233,0.6769617748919683
1909-02-01,1909,2,14.99012002258238,0.9901200225823796,296.02125174383383,32.09428569214904,19.093545843599877,2.065390205033794,0.5956347782103711
1909-03-01,1909,3,15.86321350229316,1.86321350229316,296.6673197999089,32.10360817001414,19.47054248436274,2.069497873186997,0.6409210062616434
1909-04-01,1909,4,16.110289099925172,2.110289099925172,296.9784926087262,31.798993588666537,18.850684408333095,2.0556871669671373,0.8770517836725054
1909-05-01,1909,5,15.933155143017018,1.933155143017018,298.0249628262541,24.45943609070266,18.2782152209215,2.050805450810957,0.8186168062392389
1909-06-01,1909,6,15.01085069372616,1.0108506937261588,299.34217958279,19.86234128663053,16.650649936068373,2.077037171570405,0.936650928942351
1909-07-01,1909,7,14.121295823352533,0.1212958233525327,299.79208527211875,19.50274259577662,15.251252763791648,2.065789278189265,0.5089251167060163
1909-08-01,1909,8,13.095353518980682,-0.9046464810193182,299.7425433088119,12.494544462518258,13.94440680257051,2.0675472013615077,0.5657744012739578
1909-09-01,1909,9,12.322849297694766,-1.6771507023052337,299.3942872888278,13.322565061350865,13.479795766128873,2.059010349495434,0.3093627356668891
1909-10-01,1909,10,12.116360066293977,-1.8836399337060232,299.41368569119265,13.129869153043003,13.856064411347552,2.058598323114847,0.5793494689293712
1909-11-01,1909,11,12.307649607744109,-1.6923503922558911,297.9371541042949,13.847085060494184,15.038480094115188,2.069732309375715,1.0598678491107227
1909-12-01,1909,12,13.08847511691425,-0.9115248830857504,297.24634200797857,24.342165249094865,16.482491081661674,2.043495967171065,0.4641337577529207
1910-01-01,1910,1,13.998831035629054,-0.0011689643709456,296.99953535699353,28.241113368895437,17.887811838533125,2.098587630529721,0.5731166069747491
1910-02-01,1910,2,15.038504523484526,1.0385045234845265,296.6145761829275,32.464071392132624,19.241715164101016,2.075709927783508,0.4629109520833284
1910-03-01,1910,3,15.889316491975832,1.8893164919758332,296.9171470060041,35.61606485505383,19.590095760015746,2.06816353765976,0.8468957547115381
1910-04-01,1910,4,16.180948993013924,2.1809489930139243,297.7632633582816,35.081444552575825,19.40333325635949,2.089432194967223,0.3572773089830771
1910-05-01,1910,5,15.883957880688213,1.883957880688211,298.3075357524649,28.961467229468337,18.02426822813449,2.0774124131600025,0.5511062861260514
1910-06-01,1910,6,15.036945128087613,1.0369451280876127,299.3712778671335,23.018012659938588,16.690243406850755,2.088300188199625,0.9828619819574562
1910-07-01,1910,7,14.126617168522444,0.1266171685224435,300.2009976836849,19.22555579357682,14.940655545686202,2.089793889666523,0.7449704744646524
1910-08-01,1910,8,13.010172237591728,-0.9898277624082734,300.14253012474256,15.416550249553058,13.579089835643996,2.0946824221150364,1.0332907175695687
1910-09-01,1910,9,12.518000936342538,-1.4819990636574616,300.0600410022418,13.846484895849493,13.747559330956621,2.090522252540977,0.7644687041528481
1910-10-01,1910,10,12.153038423110308,-1.846961576889692,299.3777032162302,13.889514542170826,14.054319744770126,2.096566823292356,0.5070084949233897
1910-11-01,1910,11,12.607310907795071,-1.3926890922049289,298.5469302658928,17.599948451277413,14.829865881604382,2.096425114589791,0.6539074013019782
1910-12-01,1910,12,13.13471721814143,-0.8652827818585695,297.62711961101195,25.404098340958576,16.641388540635766,2.093576589455868,0.8634504980633345
1911-01-01,1911,1,14.051368126394134,0.0513681263941343,296.18829364462266,28.352178243982653,17.93051227777214,2.1095452560610357,0.9730377855865586
1911-02-01,1911,2,15.18843206615663,1.1884320661566292,295.9889658198182,34.918669216779726,19.171186004198248,2.097098259128901,0.7343784437752356
1911-03-01,1911,3,15.652397785272887,1.6523977852728873,296.69921593056745,37.56252723386472,19.617566787397543,2.115591698903529,0.7894816196552523
1911-04-01,1911,4,16.193316575853604,2.193316575853604,298.20743162828194,32.63817748552205,19.410926381200426,2.097703283517866,0.6427600283557398
1911-05-01,1911,5,15.707530548208007,1.7075305482080072,298.61981317588953,28.206640418927705,17.900831091369994,2.1047786138416327,0.520375923694754
1911-06-01,1911,6,14.767221398147688,0.7672213981476883,300.3118971923487,28.660645377216028,16.4584234011355,2.122266289058318,0.7161648794951393
1911-07-01,1911,7,14.1119649482237,0.1119649482237008,300.33426261207416,20.35406614141307,14.982021772700806,2.109755232642601,0.6656065151697129
1911-08-01,1911,8,13.032433369209754,-0.9675666307902464,300.53567047539616,12.451757939405052,13.890069374267451,2.109630298205659,0.8284346450528697
1911-09-01,1911,9,12.316302147360844,-1.6836978526391562,300.1869292369078,18.685877386958108,13.651724586650827,2.12116805424706,0.7433173813839271
1911-10-01,1911,10,12.222365203021605,-1.7776347969783952,299.6479290368737,18.916025391654408,14.090966060376322,2.1101045358001573,0.7568046028933147
1911-11-01,1911,11,12.55682729684319,-1.4431727031568098,298.2926808969216,19.851893998793773,14.76080912873592,2.111477559705461,0.6157417396330233
1911-12-01,1911,12,13.241469858810234,-0.758530141189766,297.5460036791041,24.2424512189319,16.834087682553108,2.108427277162323,0.7412384685135334
1912-01-01,1912,1,14.101085304334262,0.1010853043342621,296.96811064106254,30.34398101111243,18.195945135367555,2.13491964387853,0.6211509546684378
1912-02-01,1912,2,14.960075659699452,0.9600756596994522,296.65813653000885,34.28080397179668,18.78461101022092,2.1459647253121954,0.904148969928563
1912-03-01,1912,3,15.90977828585542,1.9097782858554204,297.3443246713991,36.33048140359461,19.426475525250424,2.128163936705433,0.8365949945020663
1912-04-01,1912,4,16.080333886966216,2.080333886966216,298.08616157156666,35.4979344899383,18.881470163061255,2.144437580651595,1.0180211389174465
1912-05-01,1912,5,15.922911709893086,1.9229117098930857,299.28615294768724,32.921815195093814,17.938125697311357,2.1366541752658064,0.7128741891574502
1912-06-01,1912,6,15.06814488739148,1.0681448873914796,300.15680746643443,24.821987106332767,16.40422727530889,2.1127706524689254,0.6833911887185284
1912-07-01,1912,7,14.273588471882716,0.2735884718827162,300.63531708111844,18.892854271566776,14.591546930357556,2.111222693917448,0.8864311800589062
1912-08-01,1912,8,13.085453709773027,-0.9145462902269728,300.53141030850304,18.31144023807054,14.018875840124563,2.121445367072847,0.8941048932716944
1912-09-01,1912,9,12.37449072454395,-1.62550927545605,300.7271757121158,15.47665957440188,13.719375100103184,2.139450703239688,0.8401012477637603
1912-10-01,1912,10,11.968385043563703,-2.0316149564362966,300.2113546468155,18.752155595307237,13.668447716815923,2.131107945318547,0.4920402469526082
1912-11-01,1912,11,12.417289855600508,-1.582710144399492,298.3199461349966,22.515000349249828,14.98214072544404,2.1356516266782477,0.8711506932799702
1912-12-01,1912,12,13.016368639342264,-0.9836313606577356,297.60543633471815,28.3349571967207,16.468537233547124,2.13874523321939,0.6819783969297716
1913-01-01,1913,1,14.228199091023878,0.2281990910238782,297.2129810251785,29.957378205091132,18.170200043452926,2.155611633362479,1.1324794599332098
1913-02-01,1913,2,15.003443808480238,1.0034438084802382,297.11985979687506,36.08876446276622,19.26889978366573,2.1392082787036246,1.097642682270246
1913-03-01,1913,3,15.748504555043498,1.748504555043498,296.95277205665946,36.490079490734935,19.43470744662613,2.1552862626433718,1.0365189418179843
1913-04-01,1913,4,16.17917183791528,2.1791718379152805,298.2258428874674,35.799909732068144,19.22725403333293,2.148620266315405,1.0051781777915512
1913-05-01,1913,5,15.963359780880715,1.9633597808807155,299.52726712962277,34.35711516875196,18.149591388803763,2.1514064964189066,0.6992583047016279
1913-06-01,1913,6,15.11909168226152,1.1190916822615211,300.0502363655479,26.567374100515277,16.718398638275776,2.155756156852748,0.7188559826306814
1913-07-01,1913,7,14.135401951906257,0.1354019519062568,300.842117267543,21.746233546293144,14.768268243138579,2.165768007993907,0.5772640442642782
1913-08-01,1913,8,13.100818530884508,-0.8991814691154918,301.72073517505567,16.832713496933433,13.680433515485324,2.17112508032847,0.6640609687015079
1913-09-01,1913,9,12.461421200792111,-1.5385787992078883,300.8422521408872,16.993634498038393,13.471752536029303,2.141078677752185,0.7216587259298316
1913-10-01,1913,10,12.261175088262496,-1.7388249117375043,299.67654906455016,19.91700616181505,14.361442321064738,2.153016812686994,0.7998669940151498
1913-11-01,1913,11,12.433000940790224,-1.5669990592097758,298.90475912454343,23.0163155365603,14.894298061423155,2.1593132080666697,0.8048148968698036
1913-12-01,1913,12,13.088206166228847,-0.9117938337711528,298.3722905519185,30.167642172204577,16.900598590720225,2.142844156860111,0.8295884174778458
1914-01-01,1914,1,14.078199636140258,0.0781996361402583,298.01441277554034,35.512411682410175,18.1626741845171,2.1846533070489347,0.9388844604294652
1914-02-01,1914,2,14.911113718415768,0.911113718415768,297.2642131438074,39.24847184679741,19.11059711937898,2.179947721092947,0.7213926964935401
1914-03-01,1914,3,15.822006197944834,1.8220061979448336,297.6428395409564,39.971176187160026,19.663186086536523,2.1808393527714407,0.8138814652217167
1914-04-01,1914,4,16.12961474256545,2.129614742565451,298.6499128881679,38.58021242508557,19.199746751094587,2.18806131754421,0.6582780394008615
1914-05-01,1914,5,16.0501777967299,2.0501777967299013,299.45830456241055,31.542461720971403,18.286603621457502,2.176563616344709,1.051982088324804
1914-06-01,1914,6,15.153473653070176,1.1534736530701757,300.519917940922,27.660391035530264,15.916067212079064,2.1791869851094847,0.6754360399127144
1914-07-01,1914,7,14.037685958727836,0.0376859587278346,301.3191912103721,24.61361657918588,15.142308013982706,2.167844486038153,0.7326165123334979
1914-08-01,1914,8,13.019205236244389,-0.9807947637556113,301.6891525979569,17.07425684800325,13.473987823121709,2.1694455896900977,0.7502135214530412
1914-09-01,1914,9,12.400309438451714,-1.599690561548286,301.47027697025425,22.468770474132384,13.327285542010747,2.1909064174646065,0.8362691054901765
1914-10-01,1914,10,12.047193070055146,-1.9528069299448545,300.8612904961843,21.657208348721444,13.714967388375454,2.180879552193862,0.8254098868713671
1914-11-01,1914,11,12.441704166168568,-1.5582958338314334,299.92326360495304,24.05408621458925,15.484014694118876,2.1889124547804397,0.6263221371711011
1914-12-01,1914,12,13.061954020321446,-0.938045979678554,298.2899246128199,27.94238141172396,16.37815042549734,2.187157713373576,0.5514180289857595
1915-01-01,1915,1,14.093237750829058,0.0932377508290578,298.34711940184656,37.68666236761065,18.06079599321395,2.1997782488080797,0.908987617326915
1915-02-01,1915,2,15.30690620239723,1.306906202397229,297.92608762769726,38.19890179299526,18.69047340718022,2.211323970679621,0.6028166653405069
1915-03-01,1915,3,15.961914421411256,1.9619144214112565,297.75378478741027,36.6835256879783,19.58383797755108,2.217291806163422,1.0394047613361046
1915-04-01,1915,4,16.211507733162247,2.2115077331622466,298.26019018044724,41.42235359129805,19.34441708605486,2.1981812976101134,0.6250991697553644
1915-05-01,1915,5,15.81112378246218,1.8111237824621809,299.99957979083734,36.42307042582271,17.59751206182284,2.220269462094333,0.8220860992072953
1915-06-01,1915,6,15.129706992855688,1.129706992855688,301.05889350604355,29.93742296212972,16.473654433370495,2.199444589675986,0.770335999824375
1915-07-01,1915,7,14.056825751615197,0.0568257516151948,301.28250307364016,22.81325256801461,15.135231122194506,2.2102223480207708,0.8805313672268771
1915-08-01,1915,8,13.114902525818644,-0.8850974741813555,301.86433175585375,23.212669203782028,13.834240270406386,2.217340846652731,0.7347215381121253
1915-09-01,1915,9,12.369486825260768,-1.6305131747392316,301.1716073791983,20.509395834425646,13.411978037887465,2.2009473594431976,1.309326148400842
1915-10-01,1915,10,12.399828669815038,-1.6001713301849616,301.1176446572043,20.314674629507184,14.064153074536769,2.2103402664336462,1.093723966554506
1915-11-01,1915,11,12.497107252238823,-1.5028927477611749,299.4208455501391,25.03200202736334,14.823616785264111,2.203303760906854,1.1474250817520788
1915-12-01,1915,12,13.08240531943962,-0.917594680560379,298.79830259593115,26.29560559300302,16.58968590895686,2.2135867174773702,0.9724762978725148
1916-01-01,1916,1,14.066613736322903,0.0666137363229051,298.0707800527691,33.93666781114015,18.014066329286397,2.21749475663178,0.7522162609143355
1916-02-01,1916,2,15.032074023815165,1.0320740238151649,298.0963508461922,39.37012645755436,18.981148563933566,2.239055776133981,0.9722403023335277
1916-03-01,1916,3,15.819141962196063,1.8191419621960647,297.996356197193,41.22161862004003,19.68007139327633,2.225819224149724,0.838365985508658
1916-04-01,1916,4,16.099201919295005,2.0992019192950053,298.9537004899226,40.2573896110467,18.6981462799723,2.249509465391742,0.8282266766698155
1916-05-01,1916,5,15.939051090658856,1.939051090658856,299.74512029984794,35.49652149059062,17.733988700718946,2.23950529990535,0.6804681880364465
1916-06-01,1916,6,15.03845669987141,1.0384566998714106,301.0025874355951,30.42248065184568,16.585093851452612,2.2616773046421077,1.0276722419548316
1916-07-01,1916,7,13.863903650797946,-0.1360963492020541,302.37350318036295,27.855472509821983,15.291760575848304,2.22866158466446,0.9968111863165948
1916-08-01,1916,8,13.251964927973466,-0.7480350720265339,302.05337935233484,18.917920066864838,13.987756510749357,2.2349080942230564,0.7422651265215534
1916-09-01,1916,9,12.386584086494109,-1.613415913505893,301.873275290292,22.06918007764912,13.558072911500702,2.240468630661697,0.8438271789240466
1916-10-01,1916,10,12.101244507604608,-1.898755492395393,301.3457654469809,21.7522393654997,13.681603040609474,2.2299636810534,0.9049606385861492
1916-11-01,1916,11,12.246207001207166,-1.753792998792834,299.7706624937358,25.5706601046948,15.196160500173484,2.237262744799529,1.005212286688778
1916-12-01,1916,12,13.267776035602006,-0.7322239643979938,298.627556717697,30.189006365837493,16.88236134369258,2.246104099296302,1.099106361279221
1917-01-01,1917,1,14.290674571693694,0.2906745716936942,298.14760503320485,37.414329786510855,18.110148615499003,2.25080072699079,0.6982417235685171
1917-02-01,1917,2,15.257022513739743,1.2570225137397433,297.83798652748465,40.88327325471902,19.300713270452814,2.265651342974832,1.0580401778637012
1917-03-01,1917,3,15.894440191447746,1.894440191447746,298.6399810102042,44.02665582691955,19.178276770988543,2.2571747911052085,0.7178405038551352
1917-04-01,1917,4,16.160093993409337,2.160093993409337,298.8774046196936,36.64178470009283,19.04861591923223,2.268162106067056,0.927227413207504
1917-05-01,1917,5,15.73898905524034,1.7389890552403386,300.40378647819136,40.90423115477527,17.869240810366954,2.2621022903110592,0.4399761850627264
1917-06-01,1917,6,15.11262641089711,1.112626410897111,301.53367056089445,31.43001357777624,16.599772610685374,2.279462458834682,0.6800685109147936
1917-07-01,1917,7,14.245528218721171,0.2455282187211711,302.0222017876402,25.861188094967567,14.814184854542077,2.272910767344624,1.3038567609273928
1917-08-01,1917,8,13.158373400910532,-0.8416265990894676,302.30156205882383,25.954185812000556,14.030925286588444,2.270412111410599,0.735970022657944
1917-09-01,1917,9,12.397698642152484,-1.6023013578475158,302.36666320152665,19.443098877528783,13.505945413720882,2.270994517463885,0.8717493439582973
1917-10-01,1917,10,12.19644232486979,-1.8035576751302087,301.2265891646324,22.85624433236205,14.239915186439097,2.263107190901496,0.6093573890021016
1917-11-01,1917,11,12.37154546071541,-1.62845453928459,300.17672922102224,27.10751916930837,14.89717116505582,2.259099828746564,0.8742779609788361
1917-12-01,1917,12,13.091838479117154,-0.908161520882846,298.75512626246217,34.724049404392275,16.11909901514153,2.286404361624435,0.8547912064742059
1918-01-01,1918,1,14.181032094822852,0.1810320948228518,298.15125911466464,40.557122201618654,18.110273431245226,2.2818882644448,0.860201685017498
1918-02-01,1918,2,15.004574219066155,1.0045742190661553,298.91290661885716,43.39258072861792,19.28534539140121,2.277687334576019,0.7818674658570991
1918-03-01,1918,3,15.83288789898168,1.83288789898168,298.4659481694464,44.79721840902007,19.662631672063025,2.2962255817690984,1.210808341304499
1918-04-01,1918,4,16.20102342739084,2.20102342739084,299.45119166967714,40.69624487166345,18.93917548891391,2.2847421259415626,0.938070737913253
1918-05-01,1918,5,15.831613478334184,1.831613478334184,300.34557054773694,35.83861941695298,18.16696717723649,2.2907044319419,0.8583814070469876
1918-06-01,1918,6,15.17284033425538,1.1728403342553797,300.8802214253275,35.61351919149828,16.46002517240901,2.3030586152443018,0.8655714812673707
1918-07-01,1918,7,14.209625228158702,0.2096252281587016,302.20155694722393,27.891269098893385,14.558797702707043,2.306863189333256,0.8674767971428237
1918-08-01,1918,8,13.08595931472829,-0.9140406852717096,302.4323882326487,27.51167557514177,13.91452537276244,2.2880837925562463,0.6524014680352628
1918-09-01,1918,9,12.28161505830576,-1.7183849416942412,302.06531858431134,23.963096338414932,13.426168065858771,2.317401919817259,1.09439955317383
1918-10-01,1918,10,12.14184095142206,-1.858159048577939,301.6059338977376,22.0411795305209,13.762160662236065,2.298324107010317,1.0637776774637466
1918-11-01,1918,11,12.395667300182168,-1.6043326998178316,300.4844826522986,26.704739954105797,15.20499304779537,2.302802437873178,0.9991270059198636
1918-12-01,1918,12,13.165683867226443,-0.8343161327735569,299.39882568932416,30.963625335364743,16.315553267543997,2.310500969828271,0.7759767019521034
1919-01-01,1919,1,14.130452666260762,0.1304526662607621,299.1532881240771,39.02733429559065,18.2652031604587,2.31848127067657,1.1002315667791471
1919-02-01,1919,2,15.474092113170348,1.4740921131703484,298.9707386645968,43.59298105916345,19.16790885540305,2.3486977329496868,1.0688373943301617
1919-03-01,1919,3,16.044626759282085,2.0446267592820853,299.29982424377874,43.38425557919647,19.705798763064088,2.328767448908828,1.029544232584628
1919-04-01,1919,4,16.022524557818468,2.022524557818468,300.11590038048996,44.36388869984239,19.227188260105866,2.3400043453946933,0.8352433275385225
1919-05-01,1919,5,15.799353665494468,1.7993536654944684,300.56880589667537,43.24750798922683,18.35116747751552,2.3435744239733918,0.659338147357349
1919-06-01,1919,6,15.151612201354013,1.1516122013540129,302.14793627639284,34.7056105034821,16.389231824567933,2.33081118606086,0.9712135689869557
1919-07-01,1919,7,14.271590312070533,0.2715903120705309,302.2380927562983,28.09442715073644,15.247868274990955,2.31943136838237,0.8917857377758232
1919-08-01,1919,8,13.05783639923289,-0.9421636007671096,303.3440452742741,23.026127177582616,13.981824874129806,2.3311541862128475,1.13728885032086
1919-09-01,1919,9,12.524048203564718,-1.4759517964352824,302.3441973519986,24.32831919223433,13.737935147007057,2.322193562420325,1.2690271743504151
1919-10-01,1919,10,12.296995259527185,-1.7030047404728157,301.5243693982492,28.14414011718253,13.791146705179688,2.3260555145679787,0.9419611056666608
1919-11-01,1919,11,12.40352383310336,-1.5964761668966414,301.02837024784577,30.225430035413755,14.793136813090403,2.3359980681340025,0.7697196123211605
1919-12-01,1919,12,13.244330395917135,-0.7556696040828648,299.87942902975635,36.00727088073177,16.727988889229913,2.3223807534093197,0.9625541311123716
1920-01-01,1920,1,14.157446902452538,0.1574469024525377,299.48236833006524,37.296185671701245,18.06628453437672,2.359969741103493,1.14119168808199
1920-02-01,1920,2,15.208677986923744,1.2086779869237445,299.39391811318023,46.04066679930745,18.99053522908807,2.349187983021112,1.252774753839052
1920-03-01,1920,3,15.970720409505658,1.9707204095056576,299.2098539558469,45.27982510711095,19.729462380469737,2.355874168308372,0.6407379498765144
1920-04-01,1920,4,16.170667004316872,2.170667004316872,300.11516134872517,43.84751148562926,19.399157349298584,2.3628989750970235,0.8467926584461669
1920-05-01,1920,5,15.936782299998246,1.9367822999982456,301.76975644112946,45.17268718799697,17.8586079211307,2.350160896892626,1.0886699504671509
1920-06-01,1920,6,15.244398675552324,1.2443986755523238,301.94476261842124,34.48231322321115,16.448715671825454,2.335536449410623,0.5140946597095095
1920-07-01,1920,7,14.269104565599948,0.2691045655999478,302.5976047512626,31.85019825816108,15.126159497219792,2.3799661652001998,1.1540343535319226
1920-08-01,1920,8,13.056959614626807,-0.9430403853731928,302.894103273925,26.08406298558524,13.802617698275117,2.34052958791242,1.3742447188174816
1920-09-01,1920,9,12.50479528753076,-1.4952047124692402,303.06706934434163,24.140968774530123,13.412789296106974,2.360078911509888,0.9784277825277404
1920-10-01,1920,10,12.179936089242162,-1.8200639107578385,302.0940764275433,28.261381073518105,13.907246211638032,2.3659305350608246,0.9472143264152204
1920-11-01,1920,11,12.652732756006866,-1.3472672439931337,301.1122942592006,32.432035375185386,14.997904590377,2.3679437408832555,0.8009067470359852
1920-12-01,1920,12,13.25330495421906,-0.7466950457809389,299.8936188966454,36.083051609072655,16.316693317876638,2.370539307629414,1.024338902980922
1921-01-01,1921,1,14.140193167772916,0.1401931677729155,299.7401207455544,44.92094511352585,18.37714563870645,2.4014093049252514,1.227880852596582
1921-02-01,1921,2,15.099357366347746,1.0993573663477465,299.32791817703264,44.01164564913339,19.565081613090985,2.402426480515196,1.0370418020334464
1921-03-01,1921,3,15.93287651939125,1.9328765193912505,299.50379216598344,50.23441054155807,19.692031646559546,2.387492480822719,0.7019310203196873
1921-04-01,1921,4,16.273749595710825,2.273749595710825,300.56493653044396,42.072295602800736,19.2896667976386,2.401851024300225,1.053079417517046
1921-05-01,1921,5,15.870542438735436,1.870542438735436,301.51871935497957,43.28299338939858,18.094919591056282,2.3969931812501737,1.1440543635206268
1921-06-01,1921,6,15.22091866500281,1.2209186650028094,302.3309384300416,39.5101726693603,16.596428488731974,2.3921131661775066,0.8989350770825331
1921-07-01,1921,7,14.27816358984719,0.2781635898471908,303.0158570140337,33.83873657240474,14.93172289930828,2.4015257359013127,0.904967738198492
1921-08-01,1921,8,13.23328988561648,-0.7667101143835193,303.2810847613345,31.927235656635872,13.824308250010567,2.3937399098433647,1.2803283709058424
1921-09-01,1921,9,12.495977171606066,-1.504022828393934,302.98092702751563,26.805224751053665,13.70879249740038,2.391392083875815,0.8844059914661087
1921-10-01,1921,10,12.147196327020383,-1.852803672979617,302.41563148010573,25.048891237196116,14.167121900666011,2.4064281840648705,1.1941489811985762
1921-11-01,1921,11,12.275056573308378,-1.7249434266916222,301.63886367953023,31.93013504088488,15.18603745043073,2.4020638425144565,0.7005921499682048
1921-12-01,1921,12,13.124231573447458,-0.8757684265525416,300.1175091051715,35.553074558975084,16.428645047470024,2.4022628655372325,0.911330208210127
1922-01-01,1922,1,13.999043048415944,-0.0009569515840563,299.81190104227034,42.98570785969018,17.696009533055093,2.448208042411105,1.718156671650248
1922-02-01,1922,2,15.129876179800805,1.1298761798008048,299.4087914354439,45.42197152140509,19.000878674182296,2.416009878088252,1.0117270005230083
1922-03-01,1922,3,15.92286599026166,1.922865990261661,299.6861742494456,47.81219725850973,19.77210862672358,2.4179650025782884,1.0811912858124204
1922-04-01,1922,4,16.282647244740463,2.2826472447404638,300.6854756304139,48.02868048907827,19.1745748166244,2.429772809645871,1.0666433624739953
1922-05-01,1922,5,16.00269816568632,2.0026981656863185,301.1955293413752,46.424989294659056,18.395403567863834,2.426731178774281,1.0504647122515534
1922-06-01,1922,6,15.229261084753588,1.2292610847535883,302.6189202125241,36.3070672702322,16.837191368542136,2.4361824642300687,1.011825512194396
1922-07-01,1922,7,14.130334365391972,0.1303343653919721,303.58816135255097,35.358550014488216,14.818365118940413,2.42554392351908,1.043784816656914
1922-08-01,1922,8,13.40169452278708,-0.5983054772129197,304.0680197197192,29.640680122708496,13.687190630881624,2.4497013018481644,1.008389822790707
1922-09-01,1922,9,12.283122631739332,-1.7168773682606666,303.02123066984103,30.44666567024399,13.537695858815722,2.43209497281038,1.345194927566541
1922-10-01,1922,10,12.23868524728727,-1.76131475271273,302.6093405850064,27.948772402653045,13.828945657550566,2.426249212086628,0.8059283890495279
1922-11-01,1922,11,12.769996291012072,-1.230003708987928,301.5809152545267,33.52203322530289,14.771816601114335,2.437608549125626,1.340735374749379
1922-12-01,1922,12,13.086665883262732,-0.9133341167372676,301.2005777317956,35.41846054653581,16.461778957151324,2.432719029252069,1.0228126882901338
1923-01-01,1923,1,14.258519128756678,0.2585191287566779,300.05002474202036,45.69433940231196,18.313801114688857,2.4713735777785844,1.2705117650376252
1923-02-01,1923,2,15.29061747189882,1.2906174718988197,299.8409553437017,49.75711969801782,18.993742527941485,2.469534943186117,1.5022403054964697
1923-03-01,1923,3,15.912997661373163,1.912997661373165,300.4850902812903,51.03062079600521,19.366703965894832,2.475126776957816,1.087270587668001
1923-04-01,1923,4,16.142780273398994,2.1427802733989942,300.9663663287524,50.88215925285738,19.15051917400239,2.466080058349989,1.134197676550606
1923-05-01,1923,5,15.882176588806388,1.882176588806388,301.634426247443,42.247025209847614,18.19001690643163,2.4753022527791115,1.2092026521934032
1923-06-01,1923,6,15.17540895415105,1.1754089541510506,302.78793055464877,37.2954336785629,16.40117815927963,2.4481622004472885,1.3002681113834798
1923-07-01,1923,7,14.206926691755957,0.2069266917559566,303.80542237014504,36.29146040031247,14.668020556336266,2.460431175327165,1.1873696042507134
1923-08-01,1923,8,13.252211228663484,-0.7477887713365163,304.0350854802038,32.35909331466561,14.025151743577101,2.491661002207952,1.0367365901312893
1923-09-01,1923,9,12.398836316540626,-1.601163683459374,302.82887551259466,28.44825422564553,13.449308063677721,2.4688981454217744,1.1385794659326065
1923-10-01,1923,10,12.177446856012535,-1.8225531439874647,303.0589067322925,31.87727264704563,13.97653409355993,2.456338449523456,0.98494062578281
1923-11-01,1923,11,12.5545714988899,-1.445428501110101,301.5795936917666,35.28466790836767,14.865649238609446,2.481692194503132,0.8887972955116421
1923-12-01,1923,12,13.165006541924154,-0.8349934580758465,301.297143275356,41.959007432988486,16.5346346671407,2.4725595257343107,1.1026869499597862
1924-01-01,1924,1,14.111974900092846,0.1119749000928465,300.2433081694452,50.31697542429556,17.975608986811842,2.5123268493287423,1.1762069665647938
1924-02-01,1924,2,15.277560840624965,1.2775608406249628,300.0966146215586,53.24862606514144,19.124942242885197,2.5214728228655705,1.0385009111797532
1924-03-01,1924,3,15.882353250041454,1.8823532500414544,300.4557875329033,53.529904919510805,19.489157734533418,2.5056988891319203,1.1461660047344324
1924-04-01,1924,4,16.26363096045086,2.263630960450861,300.63899052209365,48.73585690221137,19.383775203178867,2.5030453300468287,1.0393689085005064
1924-05-01,1924,5,15.980483790989998,1.9804837909899984,302.1417942239649,47.06490661720339,18.249034821714464,2.496431555488332,1.1822053446381238
1924-06-01,1924,6,15.178668529397743,1.1786685293977437,302.74195980844837,39.65658718998439,16.387892345003536,2.520051324170651,1.123448930985416
1924-07-01,1924,7,14.258778871244958,0.2587788712449583,303.7876333997343,36.55809706930663,14.907993440712021,2.504956793160962,1.323449100625469
1924-08-01,1924,8,13.07118704260798,-0.9288129573920204,304.0332515550076,30.528768709968485,13.656527510639258,2.5136587704086124,1.032346164150571
1924-09-01,1924,9,12.46623494747726,-1.5337650525227406,303.6481169893595,32.30604760402578,13.44456367035746,2.5083256803740857,0.8467088441043644
1924-10-01,1924,10,12.027116277565236,-1.972883722434764,303.20513687198377,32.54394898681952,14.238591175527693,2.5055470532789155,0.8168645877847382
1924-11-01,1924,11,12.43681682462411,-1.5631831753758902,302.25407654959304,36.96540711322266,15.003591602615522,2.509671694877261,1.3772028477530451
1924-12-01,1924,12,13.029800767864288,-0.9701992321357124,300.739875579675,41.30794601092899,16.62346624275981,2.508141358342446,0.859385633295183
1925-01-01,1925,1,14.267522793850077,0.2675227938500768,300.38754334772136,44.50094092865254,17.965035321266466,2.553107837835301,1.0236981709703743
1925-02-01,1925,2,15.411323525014826,1.4113235250148255,300.4816151456466,47.98945050778808,18.497288479331335,2.5385647206646293,1.013154797820678
1925-03-01,1925,3,15.878029120556494,1.8780291205564943,300.9382704332428,52.25941052004512,19.51267629828747,2.5484156173523544,1.002250412120281
1925-04-01,1925,4,15.987685370818644,1.987685370818644,301.40891963245485,55.55664521655818,19.032462324800065,2.546592984997712,0.9452497257173228
1925-05-01,1925,5,15.99890691933302,1.99890691933302,302.8027572939218,51.84409439999051,17.993044345742554,2.554216854115564,1.1516492267476826
1925-06-01,1925,6,15.426429590071749,1.4264295900717483,303.35688735587195,43.19832847600969,16.38943191100836,2.548633353860018,1.12984519642933
1925-07-01,1925,7,14.03739343245947,0.0373934324594706,303.9436296144817,34.005305112657915,15.25558556049744,2.5427048464501523,0.9130041900064764
1925-08-01,1925,8,13.144229651479325,-0.8557703485206751,304.0663204977995,35.394275486134966,13.765269936445186,2.548568584708207,0.9339842167614992
1925-09-01,1925,9,12.598271045350476,-1.4017289546495242,304.3428760715403,33.066624467408786,13.493574271633774,2.5432569177434075,1.2211873401841693
1925-10-01,1925,10,12.072110094530084,-1.9278899054699163,303.57046818694556,33.5164044106961,13.819637346764862,2.54081172009433,0.97200476023671
1925-11-01,1925,11,12.62822291008044,-1.3717770899195596,302.4035663974862,37.12458416530029,15.134058339120907,2.541800973859968,1.3106815758036834
1925-12-01,1925,12,13.219945301735308,-0.7800546982646921,301.6344256466968,42.09607718143148,16.31199319408242,2.546647311308446,1.4622621922895518
1926-01-01,1926,1,14.49314889145986,0.4931488914598603,300.98344961155647,46.58266784034856,18.21367365582771,2.604909634661965,0.8480385050172476
1926-02-01,1926,2,15.182327706709966,1.182327706709966,301.1487777310863,52.34385933234583,19.133588704102447,2.5855102448320912,0.8693345624783371
1926-03-01,1926,3,15.881105970626578,1.881105970626578,300.44882417240166,51.00673212030435,19.26219749524924,2.596156079706172,0.6427583933838391
1926-04-01,1926,4,16.084469418006737,2.084469418006737,301.7418049584119,49.750525839677024,19.063202193916553,2.585223768835869,1.470543520137496
1926-05-01,1926,5,15.9497593303603,1.9497593303602996,302.54022782380525,50.73548123804972,17.88873044600797,2.5846725446256817,1.6138686403931388
1926-06-01,1926,6,15.184560148260156,1.1845601482601555,304.58544849488186,41.18311591026627,16.524183770216894,2.607704688097588,1.3111847848719829
1926-07-01,1926,7,14.24193638231224,0.2419363823122413,304.789000289752,36.13678208880744,14.618358666356409,2.5830004297567104,1.331412141974906
1926-08-01,1926,8,13.217109831628624,-0.7828901683713774,305.25738393460273,36.962181428221,13.92437888983724,2.5720513195607704,1.285176109057937
1926-09-01,1926,9,12.383460551717274,-1.616539448282726,304.3327987044037,34.463204388709315,13.614981834084714,2.5782782967623965,1.3764153982260323
1926-10-01,1926,10,12.139612056620006,-1.860387943379994,303.6944879220971,32.86100627042277,13.607216756715717,2.59425664556311,1.247411084161905
1926-11-01,1926,11,12.572571745454733,-1.4274282545452674,302.59585958497854,38.50609408728551,14.623784966757361,2.588573017804167,1.186333228312909
1926-12-01,1926,12,13.29127364472584,-0.708726355274159,302.35666291105593,45.07924441846287,16.56956428017732,2.5903024566007256,1.5848662159874891
1927-01-01,1927,1,14.35447306235279,0.3544730623527901,301.1256634093118,50.13934802830046,18.075482585609112,2.6295474949856725,1.0517469726837716
1927-02-01,1927,2,15.254207895689074,1.254207895689074,301.5110593452714,57.77370455847441,19.060259929343154,2.623157427795751,1.263846549833936
1927-03-01,1927,3,16.04520796661523,2.04520796661523,301.7074524480497,55.93880099787404,19.68449327658378,2.6191510140143204,1.2447569138330214
1927-04-01,1927,4,16.273264259150427,2.273264259150426,302.0262071135658,52.31394463986201,19.005788970084016,2.6312921117113333,1.1617555829953925
1927-05-01,1927,5,15.799349880491404,1.7993498804914054,302.3157940510341,46.03467948995875,18.189658135008827,2.613795480525132,1.1521148371106356
1927-06-01,1927,6,15.326423781045166,1.3264237810451665,304.0179673639008,44.1981561125376,16.652272269169078,2.6405407318531062,1.3416328115726754
1927-07-01,1927,7,14.270461024490295,0.2704610244902952,304.55901459936973,43.50409865882092,14.778697307161437,2.62081236647821,1.5481628679221526
1927-08-01,1927,8,13.369193237614528,-0.6308067623854718,304.8562707794562,38.18676687270724,13.835170553114605,2.657164753586685,0.9572495100378412
1927-09-01,1927,9,12.49240892464425,-1.5075910753557498,304.50081787222354,35.89098097587303,13.649221314554751,2.6396785324014704,1.5836664468367438
1927-10-01,1927,10,12.18780584493501,-1.81219415506499,303.7501884744525,37.4151066326468,14.006551375869668,2.6342697576588447,1.5783683338023304
1927-11-01,1927,11,12.50018877333755,-1.49981122666245,302.40557644931766,42.6903476384182,14.77130917652677,2.6388028019704297,1.3263916084529124
1927-12-01,1927,12,13.300978055319936,-0.6990219446800641,302.3357016943199,44.91369458904919,16.38096944064451,2.6310294574484945,0.8526862542508791
1928-01-01,1928,1,14.09678937981766,0.0967893798176611,301.7532496360954,55.33961930549439,18.284097628980444,2.6718573480291186,1.221224390122057
1928-02-01,1928,2,15.225323273942674,1.2253232739426745,301.2559286825963,52.31043706398896,18.909419839411754,2.6719016356664502,1.7086383873176911
1928-03-01,1928,3,16.042479289241026,2.042479289241026,301.61067501852904,55.04861344471775,19.370466997792608,2.6598569723608056,1.091203376256271
1928-04-01,1928,4,16.02985531170245,2.0298553117024483,302.1221463183299,57.57232684318839,19.404437587056403,2.677915863624419,1.876233566150813
1928-05-01,1928,5,16.108316549669027,2.108316549669027,303.1448959946967,52.72849963397263,18.01981996899213,2.683230329077578,1.586916780253463
1928-06-01,1928,6,15.226962029752048,1.2269620297520485,304.3127991491269,47.68933928854072,16.552999921127025,2.675545375651191,1.159211716179899
1928-07-01,1928,7,14.182470345174975,0.1824703451749751,305.1084997111508,41.53854050895231,15.23877489788275,2.666455531589192,1.5208665352212811
1928-08-01,1928,8,13.290314402371411,-0.7096855976285887,304.96620977905303,38.75948545411389,13.696566702525157,2.678287669143117,0.9741628879504334
1928-09-01,1928,9,12.503088500857915,-1.496911499142083,305.22119990610247,36.58136132258183,13.442711708839564,2.6829669631118915,1.2025798717908904
1928-10-01,1928,10,12.232562886097217,-1.7674371139027851,304.1008915750589,35.77845190981059,13.90324870323737,2.6779258192303543,1.0370196915942078
1928-11-01,1928,11,12.469094270252008,-1.5309057297479924,302.7598033917441,38.75973246933268,14.753949740421394,2.6855786898834304,1.3222420498589893
1928-12-01,1928,12,13.25591664959865,-0.7440833504013504,301.9086728487871,45.86021604874559,16.74141650008993,2.6791963349968984,1.340512161103361
1929-01-01,1929,1,14.241581057826052,0.2415810578260515,301.9001139475708,53.00861632938268,18.003476168739095,2.7071099696827416,1.13070814270494
1929-02-01,1929,2,15.253155258068464,1.253155258068464,301.6602346804117,54.64421831979755,19.03159773622102,2.7097371415728277,1.3172600709611493
1929-03-01,1929,3,15.902579406221324,1.9025794062213244,302.1992368019923,58.793764435498325,19.392327662394408,2.7106803281483463,1.203504439208592
1929-04-01,1929,4,16.20398951495728,2.2039895149572786,302.67448392743376,53.656801793748805,19.14654337050879,2.729203288007662,1.141498452526036
1929-05-01,1929,5,16.229151895668284,2.2291518956682843,303.33275669923466,52.111118424421925,18.086182304774567,2.7364438586988458,1.3115250638481328
1929-06-01,1929,6,15.263460081432216,1.263460081432216,303.7295103788342,47.891086237588645,16.22061804552183,2.710949451572912,1.7507714128380447
1929-07-01,1929,7,14.280882812154228,0.2808828121542284,305.4342893673355,42.5801943177834,14.930518597368655,2.7265624156546227,1.459644874975668
1929-08-01,1929,8,13.34711754269206,-0.652882457307939,305.72394044055903,39.68674472853391,13.697652007145681,2.7301338520119662,1.3969382971558673
1929-09-01,1929,9,12.593399548656842,-1.4066004513431576,305.5937945012538,42.48011343076206,13.476546000807938,2.73945982236234,1.4182833059895683
1929-10-01,1929,10,12.39405676489304,-1.6059432351069596,304.41129514513983,39.62238147687524,14.013744210683893,2.735429940833267,1.4303485513437626
1929-11-01,1929,11,12.454023212556525,-1.545976787443477,303.74580140195866,40.81973644840991,14.980985801190455,2.723937861639333,1.4653018045941293
1929-12-01,1929,12,13.324135021780924,-0.6758649782190762,302.3519863199728,51.35185484251681,16.17411254601721,2.7235384799992026,1.447922130686039
1930-01-01,1930,1,14.45776839474792,0.4577683947479212,301.80904388699213,53.384650404616806,17.851230932166317,2.7797454929032805,1.4001880949698655
1930-02-01,1930,2,15.441268169751746,1.441268169751746,301.31906830964715,60.523948650400975,18.97582011814772,2.781745037055745,1.5565917218502896
1930-03-01,1930,3,15.983926144214266,1.9839261442142655,302.0718454156162,59.39743426037455,19.266141697085104,2.7704215686222,1.5990685948193235
1930-04-01,1930,4,16.26729569828804,2.267295698288041,302.3951982244141,57.96704311858274,19.212547014560148,2.774484879553825,1.3116958797827598
1930-05-01,1930,5,15.965206873797058,1.965206873797058,303.8799867598633,55.51049809634026,17.87641595374202,2.7729529517954883,1.092780516350183
1930-06-01,1930,6,15.308382908061676,1.3083829080616771,304.67164572097306,51.29005603561688,16.883182304496916,2.754235584464766,1.697575916862741
1930-07-01,1930,7,14.394947750665876,0.3949477506658763,305.56463368653573,43.60324942255999,14.544587477415234,2.772443535173493,1.3664005495805962
1930-08-01,1930,8,13.264704506707163,-0.7352954932928366,305.8257241646171,45.02153480661662,13.468584239011125,2.74645894043686,1.464980758931046
1930-09-01,1930,9,12.48251335834485,-1.5174866416551502,305.446431389636,36.438652081075794,13.548434885724227,2.757337407897541,1.4512822665748306
1930-10-01,1930,10,12.319966039561171,-1.680033960438827,304.7822256597158,44.55873323538357,14.030391135938208,2.758548492950222,1.1133681769606691
1930-11-01,1930,11,12.609817277307696,-1.3901827226923036,303.83083845616716,46.31638348456933,15.253060768720433,2.7559349426170425,1.3548267079631098
1930-12-01,1930,12,13.314237207428734,-0.6857627925712659,303.2424900363037,50.30839164000565,16.950108232214514,2.756585377857384,1.1848294609230623
1931-01-01,1931,1,14.273968398057136,0.2739683980571357,302.4655674479372,56.71153542399715,17.977763999599198,2.827548015413756,1.5678918659537686
1931-02-01,1931,2,15.373667139182029,1.373667139182027,302.31590748357166,61.19980677672096,18.903898010117754,2.810874242194268,1.7710695691142129
1931-03-01,1931,3,16.17711231190987,2.1771123119098696,302.09773115686795,63.00515665519338,19.58389363747525,2.827684863932361,1.6813055279066396
1931-04-01,1931,4,16.42479628961428,2.4247962896142816,302.960994577592,57.719727131210966,19.300158354898155,2.8349372713766083,1.1843536777681138
1931-05-01,1931,5,15.976662469173815,1.9766624691738173,304.52663110314444,56.98834003660536,18.180570336789696,2.821619925366158,1.776684574165712
1931-06-01,1931,6,15.170499196930292,1.170499196930292,305.16286764497636,49.09181453233159,16.630109937414325,2.792868785346252,1.6120589728808514
1931-07-01,1931,7,14.34479677953948,0.3447967795394788,305.609342089323,43.068187424798985,15.002339008051223,2.813095089584257,1.548366119179638
1931-08-01,1931,8,13.359556280367537,-0.6404437196324633,305.9104432525391,44.35007389185527,14.281622932992939,2.811702710492851,1.316497957017429
1931-09-01,1931,9,12.572202264997564,-1.4277977350024358,305.4484876378244,41.21554372214271,13.267101423794724,2.8068257610394047,1.7454852833315682
1931-10-01,1931,10,12.343388917292046,-1.656611082707954,305.4086292331914,44.018203540302615,13.665792565572039,2.818074539062685,1.3469257812280135
1931-11-01,1931,11,12.356090381677626,-1.6439096183223736,304.4081625258851,46.1189912593029,15.210655025332507,2.814631913576155,1.62511010713184
1931-12-01,1931,12,13.345672672639044,-0.6543273273609564,302.9521630673823,53.21803974838876,16.689199184324007,2.813726722964153,1.5609473579998494
1932-01-01,1932,1,14.522691209385158,0.5226912093851581,302.7548372643155,60.0296951323032,17.9478489292199,2.8637182331942554,1.6149596332360645
1932-02-01,1932,2,15.311579459833917,1.3115794598339168,302.30529094380637,57.09692323234508,19.006254947744736,2.866216764435036,1.7809988280159292
1932-03-01,1932,3,16.037176753122925,2.037176753122925,302.37199439499096,62.3902398132781,19.463427515148375,2.864422995717582,1.5693490862793846
1932-04-01,1932,4,16.529793053424928,2.529793053424928,303.40689568355015,59.72405655359015,19.20620302411974,2.8728008680151955,1.4854770797968588
1932-05-01,1932,5,15.90311034599856,1.9031103459985608,304.17724400889614,59.51760707108398,18.136925825041292,2.8731347507505,1.820862816910445
1932-06-01,1932,6,15.394922810327124,1.3949228103271238,305.74044542993045,53.86969198271855,16.33120446443936,2.856378498748182,1.546518584971777
1932-07-01,1932,7,14.37134125636948,0.3713412563694813,305.9281896194692,48.361768232020175,14.766934857344832,2.856103378030472,1.3102724371880243
1932-08-01,1932,8,13.355546105116211,-0.644453894883787,306.2017031045679,47.1741573534551,13.720126257843875,2.8743164178572957,1.6286424198976543
1932-09-01,1932,9,12.579730352461564,-1.4202696475384349,306.2977119599608,45.17744696042536,13.615411867285983,2.867596130688392,1.6985879612382844
1932-10-01,1932,10,12.278942678173353,-1.7210573218266472,305.24186550864624,41.36378452209333,13.808069938986282,2.866079572147463,1.7197542464639433
1932-11-01,1932,11,12.682211457522127,-1.3177885424778726,304.4011958200555,47.942654198110446,15.079780128621172,2.8679801914068324,1.5660729385907242
1932-12-01,1932,12,13.270248657667707,-0.7297513423322926,302.6690244293616,54.36283744258624,16.738437094243583,2.8571350986994064,1.4014786429381627
1933-01-01,1933,1,14.32576554105754,0.3257655410575406,303.3808177106068,55.31698232438915,18.064185335150828,2.929054191111402,2.043633292694533
1933-02-01,1933,2,15.457068701784952,1.4570687017849515,302.69581205125854,61.85232924474624,18.753828260224168,2.914593425880612,1.719879328193026
1933-03-01,1933,3,15.96378254819652,1.9637825481965208,302.54452308716213,65.53504597307563,19.891337418381788,2.906951966819959,1.6741076956313925
1933-04-01,1933,4,16.252988294556097,2.252988294556097,303.09891789447585,64.50115116393863,19.005318518233597,2.9134529076135296,1.630566061026477
1933-05-01,1933,5,16.004951894878637,2.004951894878637,304.854460380438,59.6146527896,17.957200196351277,2.911004147837712,2.119278991188906
1933-06-01,1933,6,15.136089088454884,1.1360890884548829,305.267224960632,52.936072184722775,16.220276658643883,2.92160584757708,1.6371679559568344
1933-07-01,1933,7,14.313117160836772,0.3131171608367715,306.38810082080846,49.91522957436312,15.271941654863127,2.9295955638643,1.604898212122429
1933-08-01,1933,8,13.23854916257192,-0.7614508374280806,306.4894107119096,47.24241425743545,13.905183615989042,2.920129938787959,1.7737294394994252
1933-09-01,1933,9,12.616544261734928,-1.3834557382650718,306.5063015503075,47.20481829317179,13.584773708979267,2.916858319287989,1.5115999583094042
1933-10-01,1933,10,12.385845054465692,-1.6141549455343078,305.6944609265271,47.03622925995138,14.180049549422915,2.9151308335969057,1.448042524082807
1933-11-01,1933,11,12.66981836287475,-1.33018163712525,304.1603398630021,47.17858648575609,15.019870739657227,2.91040328418395,1.5289056976035384
1933-12-01,1933,12,13.367441659397528,-0.632558340602472,303.84906691029784,55.72674179608868,16.24483006089177,2.9319328043431105,1.6531703151755188
1934-01-01,1934,1,14.319103836914325,0.3191038369143228,302.7875673358816,60.74432481916437,17.865739816814674,2.9905404142154643,1.876256496933782
1934-02-01,1934,2,15.351230075973922,1.3512300759739215,302.5733431785276,64.31606998121602,19.184107047147922,2.971915492375132,1.6258103165778228
1934-03-01,1934,3,16.144058381660418,2.144058381660418,302.911094693142,65.0092477659102,19.201881461084238,2.9750371822515693,1.3985637222318394
1934-04-01,1934,4,16.417735563208247,2.4177355632082467,303.407850582772,64.56710352632608,18.92643246434729,2.968967599541167,1.9456511545014803
1934-05-01,1934,5,16.12851490708896,2.1285149070889595,304.7594952231124,61.45005574941848,17.90779256545476,2.949375891702368,1.5218813166200682
1934-06-01,1934,6,15.159942397938009,1.159942397938007,305.95836745629595,55.90016607308642,16.273343755949146,2.9621727536064766,1.9823641798409453
1934-07-01,1934,7,14.329993912396532,0.3299939123965316,306.88321868381263,52.81724663243658,14.894075750946312,2.9791786861161227,1.8866287220254512
1934-08-01,1934,8,13.48361584534706,-0.5163841546529397,307.302836440093,43.87918932177949,14.166808003266324,2.978208775057245,1.5650902052137043
1934-09-01,1934,9,12.450972336384202,-1.5490276636157976,306.760122266953,46.4901576084931,13.470874321289246,2.9707088080945883,1.805142946445012
1934-10-01,1934,10,12.337612381279191,-1.6623876187208086,306.4374533168404,46.58290165979636,14.169081732141162,2.9781867847643,1.495628675388376
1934-11-01,1934,11,12.643798859376025,-1.356201140623977,304.6302817069392,50.62221461764936,15.095942795197043,2.97147957292443,1.505669235262834
1934-12-01,1934,12,13.15428354452615,-0.8457164554738501,304.0781549495856,56.52246806500518,16.738029358478766,2.9740351338945885,1.6309473439667013
1935-01-01,1935,1,14.37763746805746,0.3776374680574612,302.5002580676455,62.48531286020568,17.847123580409402,3.020867095571819,2.1542969582839726
1935-02-01,1935,2,15.282805868795672,1.2828058687956716,303.19025156051435,68.2962997812875,19.366752679113436,3.0280761473280013,2.2171390627414187
1935-03-01,1935,3,16.00952798276514,2.009527982765139,303.43258140291675,66.16975300566244,19.437855094048217,3.032679641315701,1.9678571259630449
1935-04-01,1935,4,16.41352892950976,2.4135289295097597,304.14876563617776,63.21165915038703,18.98625659392671,3.0278574794020465,1.492157171132659
1935-05-01,1935,5,16.042994019544743,2.042994019544743,305.43860497775677,59.6279692438178,17.512166832181638,3.01780618153214,1.3083086091281828
1935-06-01,1935,6,15.245257221819225,1.2452572218192248,306.06171451049465,58.69815984642338,16.724982668698324,3.0300994017188403,1.2649090047017646
1935-07-01,1935,7,14.33988590705123,0.3398859070512294,306.2315366501169,52.53464279389652,14.928944345728745,3.012660141312004,1.8284300986380555
1935-08-01,1935,8,13.338897795623936,-0.6611022043760642,307.35391983551665,49.17271568284965,13.75806134272246,3.010630816634301,1.9241298627501773
1935-09-01,1935,9,12.563625619119549,-1.4363743808804532,307.00170820686446,45.26863018601084,13.659502581825516,3.013966473734213,2.0646143278651063
1935-10-01,1935,10,12.405453376429438,-1.5945466235705616,306.5072667356352,48.83908985895849,14.184010413789437,3.029785559735524,2.019376852991815
1935-11-01,1935,11,12.467819703309042,-1.5321802966909583,304.5391877673196,53.52666994595648,14.715175454611561,3.024647377437327,1.8703878418956368
1935-12-01,1935,12,13.4871829428988,-0.5128170571011985,304.3647204186357,53.42617470178754,16.45062084735908,3.00412678608073,1.5908619971454474
1936-01-01,1936,1,14.28638189520346,0.2863818952034602,303.6309420325302,63.50316511609479,18.49570258652729,3.0767081589209875,1.7977575486884283
1936-02-01,1936,2,15.278942326326243,1.2789423263262432,303.5980460287532,70.87412196783076,18.702544427206398,3.1059619680868877,1.888810303880318
1936-03-01,1936,3,16.229896313389915,2.229896313389915,304.08134805363403,67.02014306070686,19.77410279706215,3.0857851347730465,1.84687083822523
1936-04-01,1936,4,16.409262584792916,2.4092625847929163,304.8325297673108,69.49832977193275,19.014274447226327,3.091881120621493,1.8719333056713507
1936-05-01,1936,5,16.076558030460674,2.0765580304606743,305.009833407064,63.50524505382512,17.964124053927588,3.077215375317256,1.9463668155924896
1936-06-01,1936,6,15.29862499067774,1.2986249906777392,306.37156983397966,59.17170354267726,16.535537464110273,3.0893405246577936,1.8910526557420535
1936-07-01,1936,7,14.34095945481391,0.3409594548139107,307.2386719254211,55.63659675483457,14.745847978938171,3.0742677476480225,1.6171725658036469
1936-08-01,1936,8,13.205765942592384,-0.7942340574076159,307.4366481560368,50.78666787892644,13.518275099037686,3.099448592459572,1.4749226143609842
1936-09-01,1936,9,12.544707013588225,-1.4552929864117754,306.58401600986315,49.58020273914007,13.555178578548201,3.075221650530268,2.0178260877762284
1936-10-01,1936,10,12.332351179917026,-1.6676488200829738,306.7985331132214,50.61397057591616,13.856247815970207,3.093994998496621,1.5753967499415973
1936-11-01,1936,11,12.80395911836928,-1.1960408816307204,305.3094085021145,52.4939965699948,15.013670280529391,3.0649742442564385,1.507367630389672
1936-12-01,1936,12,13.429549899002176,-0.5704501009978227,304.83239635080236,63.19250774154093,16.645665202466677,3.0721424509999853,1.8526182772423492
1937-01-01,1937,1,14.361810851334951,0.3618108513349511,303.7988043593018,59.74912523170666,17.870966053644448,3.1306694422289683,2.2685876075683766
1937-02-01,1937,2,15.39900378348953,1.3990037834895297,303.64694405095173,69.194443851357,18.887471161978972,3.127624355845674,1.741653875769999
1937-03-01,1937,3,16.086132673245324,2.086132673245324,304.1986005112639,70.13025930529749,19.404357833278763,3.138235400881302,1.5430368985319105
1937-04-01,1937,4,16.325081385657263,2.3250813856572634,305.3276033098412,68.66020685490517,19.13710414251144,3.1346653735266456,1.5842174247232634
1937-05-01,1937,5,16.094486400514707,2.0944864005147075,305.9151363395815,63.57749167236644,17.99339511310451,3.134523437211891,1.808144130269556
1937-06-01,1937,6,15.324435438982404,1.3244354389824051,306.71797966499764,61.4359361223597,16.552661696380188,3.1428449888004315,1.7851315277496138
1937-07-01,1937,7,14.371295368792628,0.3712953687926283,307.3827114368413,55.72821853354792,14.830962040355,3.143730152295981,2.012501803204667
1937-08-01,1937,8,13.289687720686,-0.7103122793139995,308.0752216530355,54.56203807822392,13.874805608232098,3.1403715621709845,1.8744721986726616
1937-09-01,1937,9,12.668262859408683,-1.3317371405913168,307.4906838521283,48.525649307717,13.32398691075829,3.1449998414864115,2.196993039440164
1937-10-01,1937,10,12.226357111479608,-1.773642888520392,306.9136607462528,53.04236544841849,13.758907333669121,3.1347052446893198,1.8585801111954032
1937-11-01,1937,11,12.824828385212957,-1.175171614787045,305.97348583863044,59.05774763269584,14.945805697301832,3.133085318792375,2.053968164241778
1937-12-01,1937,12,13.474946239424431,-0.5250537605755685,304.9207757017894,66.6755508924116,16.109751229937352,3.132230837137532,1.820661787151742
1938-01-01,1938,1,14.323391475649498,0.3233914756494975,304.12500812988543,62.625262837570425,18.125095352962166,3.1934915987745813,1.8313292240945072
1938-02-01,1938,2,15.502037103653723,1.5020371036537234,303.7979206012215,72.49639562214278,18.985293819514762,3.2088335003135207,1.8644948506325545
1938-03-01,1938,3,16.131666747128882,2.1316667471288824,304.27685601989526,70.71458231800177,19.47222281325945,3.201874306023205,1.6014514107767623
1938-04-01,1938,4,16.322942886344187,2.3229428863441868,304.68203066993084,74.65003570926605,18.998436692015524,3.2152555012132087,1.9010769045475384
1938-05-01,1938,5,15.975375295241184,1.975375295241184,305.85831537434444,70.19141173217356,17.753648214875255,3.197814998447001,1.987403169741554
1938-06-01,1938,6,15.385151607391732,1.385151607391732,306.9800417367903,61.310010775385415,16.058970409312995,3.2066823446499586,1.8249678811729932
1938-07-01,1938,7,14.341467219283007,0.3414672192830075,307.37501958622397,57.64063030945166,14.563901718541818,3.208361883166313,1.5857426880596508
1938-08-01,1938,8,13.49594906148837,-0.5040509385116305,307.94720578758205,57.61890430858645,14.304604294871224,3.205377052821729,1.5029613032529334
1938-09-01,1938,9,12.738785970526216,-1.261214029473784,307.84192391347693,50.51908573590693,13.166275267323615,3.1795416602649613,1.919143646966798
1938-10-01,1938,10,12.506663591113847,-1.493336408886151,307.3047864482742,54.79071085131324,13.972345395725753,3.1993138746198166,1.957956635564628
1938-11-01,1938,11,12.483811864591388,-1.516188135408612,306.0241938021441,61.95101524500059,14.830403915869075,3.1805523536366147,1.9476022044987389
1938-12-01,1938,12,13.497782975476191,-0.5022170245238087,305.1735918002782,64.38763494905179,16.08725538882879,3.194787537817115,1.7780461280001305
1939-01-01,1939,1,14.229193313306777,0.2291933133067765,304.06036070072525,68.65884750926199,17.655285463340803,3.264637236787928,2.100666843354487
1939-02-01,1939,2,15.343481690732244,1.343481690732245,304.02905788514875,74.35490076546944,18.919967666321288,3.2494976558517727,1.585097756590037
1939-03-01,1939,3,16.204651456977,2.2046514569770004,304.98594860488504,78.31690571273704,19.703042838522812,3.267411030311673,1.9731946449741535
1939-04-01,1939,4,16.25689099917742,2.2568909991774184,305.6466391049335,72.92062911951427,19.027665697188084,3.27052384289025,2.1570051023224317
1939-05-01,1939,5,15.961587978693412,1.9615879786934125,306.17698902127216,69.34108248907503,18.14198029901591,3.278520606207094,2.066658319797302
1939-06-01,1939,6,15.347413200489882,1.347413200489882,307.3549836834816,65.40594060558993,16.63766571831421,3.2759249610719805,2.2872024401377207
1939-07-01,1939,7,14.296973279757369,0.296973279757367,308.0171475812902,54.42722945872741,15.320278211850695,3.257517461849268,2.272496933094988
1939-08-01,1939,8,13.311664605378285,-0.6883353946217152,308.70289631354575,58.1044979256496,13.916884963234033,3.2635935848695663,2.0984370056755903
1939-09-01,1939,9,12.857589881679324,-1.1424101183206758,308.41185785939774,49.80700995772678,13.833487340506599,3.257922153118171,2.199254265947991
1939-10-01,1939,10,12.322384474844789,-1.6776155251552112,307.5091556297642,56.66487350376475,13.483302988680792,3.255471620965237,2.394518703955745
1939-11-01,1939,11,12.585183482289022,-1.4148165177109782,305.92874877186046,56.33437188469905,14.987010254076525,3.2451317236751582,1.8446985915638092
1939-12-01,1939,12,13.27336001888129,-0.7266399811187103,305.3809458656122,60.51569200852322,16.622973914089396,3.2581858722381143,1.714736503572979
1940-01-01,1940,1,14.3463489933459,0.3463489933459005,304.50647356249317,68.48031415808447,18.249851671265827,3.327722542351665,2.176639642576839
1940-02-01,1940,2,15.332668594493445,1.3326685944934449,304.6598328078663,74.97419011280527,19.235667797265563,3.300381979215897,2.082149519661185
1940-03-01,1940,3,16.078784263396205,2.078784263396205,305.5300705587421,75.98295765024733,19.30594307704792,3.3077499287249164,1.9757994547010032
1940-04-01,1940,4,16.35312956704444,2.3531295670444408,305.5614084537711,76.83531485890238,19.08153572161204,3.3259617949599254,2.1224234643191973
1940-05-01,1940,5,16.129764414423782,2.129764414423782,306.63794679898194,72.5897988824054,18.139820815017707,3.342067084400235,1.882880916455041
1940-06-01,1940,6,15.516465919745215,1.5164659197452153,307.5200655353896,69.21967725584486,16.35542317241208,3.331211036914237,1.8140369707016013
1940-07-01,1940,7,14.352714151898452,0.3527141518984518,308.06829920663733,61.38995057708579,14.812661872733134,3.3077491209306,1.7120209871651997
1940-08-01,1940,8,13.29716447629182,-0.7028355237081794,308.4035901217657,54.98528063430004,14.101173146951261,3.3208571117342363,2.005589800547223
1940-09-01,1940,9,12.673150841561004,-1.3268491584389963,308.4970423795678,54.84368929680437,13.542113417581051,3.315826850791137,2.1829153586073016
1940-10-01,1940,10,12.363958079762236,-1.6360419202377638,306.88542620222876,62.491354663739976,13.675626227035467,3.321660757964483,1.80674032825186
1940-11-01,1940,11,12.577884322151732,-1.422115677848268,306.37057761256426,62.11852778825376,15.253090158466195,3.332530269538068,1.9857806008759824
1940-12-01,1940,12,13.552766209567922,-0.4472337904320778,306.2297516326153,62.10676545179405,16.373341515216225,3.305588299677681,1.9879708523362047
1941-01-01,1941,1,14.209732341530025,0.2097323415300245,305.0323487795578,73.19358454600828,17.86669769695169,3.3732522939586964,2.0984061618843253
1941-02-01,1941,2,15.380218341694867,1.3802183416948672,305.26542836010566,74.86042545221726,19.21169919063902,3.381362328329867,2.2704771786615603
1941-03-01,1941,3,16.06683201286445,2.066832012864449,305.52881398968645,77.99339980104159,19.728746899100738,3.374982604460698,1.8972368360088216
1941-04-01,1941,4,16.46013830560099,2.4601383056009887,305.8875312878218,74.08913562679852,19.32881965975686,3.3770057322577163,2.0093057045332583
1941-05-01,1941,5,15.963693310645816,1.963693310645816,306.8882752583826,72.63787246539279,18.126155145441906,3.387379195915776,2.1511837557084474
1941-06-01,1941,6,15.348263650610958,1.3482636506109582,307.76938326775485,65.6670641441103,16.42333222552394,3.384397158252551,1.976859202048926
1941-07-01,1941,7,14.388103195528604,0.388103195528604,308.710211881653,61.08615820960436,14.60812199383794,3.3721606295518582,1.965138831679745
1941-08-01,1941,8,13.526983529367037,-0.4730164706329649,308.7002294092268,59.66998770938772,14.186147494901512,3.3905199734727045,2.109765971593161
1941-09-01,1941,9,12.701113701106344,-1.298886298893656,308.1693665160216,56.60388450673852,13.790915484904051,3.3959624336170617,2.0902895624082847
1941-10-01,1941,10,12.321108752130554,-1.678891247869446,307.48717410660066,56.36673502762056,13.715417778970407,3.383063321668823,2.0417152141960657
1941-11-01,1941,11,12.782178612389524,-1.217821387610476,306.55532742732953,62.96592201422046,15.393358654204446,3.395854794067142,2.054524652590379
1941-12-01,1941,12,13.397095161741367,-0.6029048382586328,306.13564882884367,68.32920481309299,16.512576334610085,3.383752993000685,2.0300460335864194
1942-01-01,1942,1,14.517250287269556,0.5172502872695546,305.8469492044271,71.5415447721342,18.109865556295034,3.437188754107564,2.019466066501007
1942-02-01,1942,2,15.365490806555034,1.3654908065550335,305.5586423232998,77.92473952196725,19.148779179009722,3.467693022035275,2.2551260420175305
1942-03-01,1942,3,16.075445481231785,2.0754454812317853,305.4798961462664,77.74628235366242,19.44159656084789,3.4553629601451084,2.6851839803302773
1942-04-01,1942,4,16.557198249609474,2.557198249609474,306.136609971519,77.0093582103098,19.365349334313358,3.4412297630311253,2.295585385391285
1942-05-01,1942,5,16.274200785765803,2.274200785765803,306.6886060437646,75.11149468609194,18.11794171323761,3.450263473398428,2.2052801500348647
1942-06-01,1942,6,15.274827106599536,1.2748271065995365,308.0048042599685,69.15944694985843,16.45056787470143,3.452475604988495,2.031216373092128
1942-07-01,1942,7,14.370003384819684,0.3700033848196842,309.2227846478154,68.34359000415891,15.128233577082925,3.452434369806966,2.0400760125866757
1942-08-01,1942,8,13.411794320788257,-0.5882056792117432,309.31940227788465,60.36748172019385,13.694537941182384,3.4498451986950696,2.3427762960437484
1942-09-01,1942,9,12.834117467292366,-1.1658825327076343,308.79138062327706,57.08410378086861,13.330551035278964,3.4511212438109613,2.192833894923842
1942-10-01,1942,10,12.38406136711986,-1.6159386328801393,308.0003942574645,61.445220126989554,14.210370591029983,3.456533154726429,1.751306949441425
1942-11-01,1942,11,12.832834180723047,-1.1671658192769527,307.1433661582505,65.65165730386745,14.835797439485678,3.4579803177579183,2.0413673098396834
1942-12-01,1942,12,13.435874179073632,-0.5641258209263675,306.1475716972611,71.65395531915802,16.504510797120517,3.4480310154004634,2.250340416911982
1943-01-01,1943,1,14.326540713338142,0.3265407133381419,305.7928854767795,74.7566696080641,18.08240426282217,3.5188758913944693,2.3146025026664327
1943-02-01,1943,2,15.506325355696346,1.5063253556963456,305.6051925469991,80.91452769539383,19.339424708233764,3.5112257928218837,2.334991741675566
1943-03-01,1943,3,16.206316147668424,2.2063161476684243,305.42217469332957,84.95235022966,19.54172979154278,3.516869637727292,2.215985469721489
1943-04-01,1943,4,16.22569398048442,2.2256939804844187,306.1991763247782,76.99941636685837,18.810439040004415,3.5214828376469525,2.2969437758216618
1943-05-01,1943,5,16.234756513985023,2.2347565139850225,307.34251628873244,75.70000315743056,17.9860138138977,3.523605798391518,2.2209771100565523
1943-06-01,1943,6,15.432335264942626,1.4323352649426262,308.57002085889104,70.41000393860645,16.030764720280008,3.5213535548601893,1.6625312510758268
1943-07-01,1943,7,14.400478187071991,0.4004781870719931,309.26835471936505,66.07000508804512,14.826333676494325,3.5157613716965623,2.163643061077876
1943-08-01,1943,8,13.303583132253696,-0.6964168677463025,309.9315840998027,64.59085497772247,13.945437392955357,3.517140560091091,2.2444987027626677
1943-09-01,1943,9,12.643659053892252,-1.356340946107748,308.66770006259713,56.1136963156008,12.991893620632897,3.512026437332948,2.0427285668495414
1943-10-01,1943,10,12.40729338781191,-1.5927066121880902,308.0893609030419,66.04080180972971,14.07945102442302,3.527240829787973,2.101946437122344
1943-11-01,1943,11,12.684609116606495,-1.3153908833935049,307.50163151222955,63.97822278465889,15.1487328718087,3.51852228442972,2.4980449049698565
1943-12-01,1943,12,13.370045113422936,-0.6299548865770639,306.6990968252067,72.07027768063865,16.4836611890346,3.518809484467675,2.102193967915534
1944-01-01,1944,1,14.441711009252678,0.4417110092526783,305.68899805446597,80.22330521375687,18.07276626903803,3.579496433798199,2.2462143831128816
1944-02-01,1944,2,15.45196341805005,1.4519634180500507,306.0225065375329,80.42989665171181,19.327886886747713,3.5796727337073166,2.397650869526873
1944-03-01,1944,3,16.37941783895116,2.3794178389511598,305.74451966115834,81.82545122836558,19.416035999128592,3.595228015058634,2.142557902908609
1944-04-01,1944,4,16.55559271630471,2.5555927163047087,306.8790243791365,82.83250253939815,19.55866790046715,3.5801850620093805,2.6875651919809807
1944-05-01,1944,5,16.182567899694078,2.182567899694078,307.9085447444112,74.68574937631352,18.042441324734032,3.5863464061532926,2.5031266801628576
1944-06-01,1944,6,15.383239447449183,1.383239447449185,308.35612841953093,71.94196289963072,16.790762992691597,3.5742125461325243,2.4828397161657545
1944-07-01,1944,7,14.445460815521516,0.4454608155215158,309.9988138108407,69.80288243769306,15.0910415411622,3.5871761680667165,2.0386395614557427
1944-08-01,1944,8,13.469228444660596,-0.5307715553394026,309.3911802859799,69.01767052020386,14.39937808950231,3.5758784725461594,2.1611287462412743
1944-09-01,1944,9,12.734413828694343,-1.2655861713056566,309.3093993798483,62.16761054970597,13.674019374790609,3.593974099826039,2.333299320975921
1944-10-01,1944,10,12.485436994741807,-1.514563005258191,308.6540900473702,64.89060757707905,13.951945304018073,3.5942169158537203,2.546832800094263
1944-11-01,1944,11,12.55728507849111,-1.4427149215088892,308.0615333017462,67.8695557434695,14.868982933203723,3.584927422297544,2.1888130423862058
1944-12-01,1944,12,13.4332070101146,-0.5667929898853998,306.77385325820404,70.24670906527302,16.548752162735664,3.613876317101322,2.5419750039103115
1945-01-01,1945,1,14.440256547110112,0.4402565471101116,306.345060023676,81.9045236802524,18.24754002720206,3.6390460610938073,2.5338784619767414
1945-02-01,1945,2,15.274347866053091,1.2743478660530911,306.17887445974173,82.85248651554927,19.11811841106623,3.638952144934363,2.557268909720046
1945-03-01,1945,3,16.29508484331135,2.2950848433113507,305.87440506896854,82.68062028843332,19.350979580026276,3.6603157244639792,2.727510007224212
1945-04-01,1945,4,16.472014206684182,2.4720142066841824,306.66147531612853,83.10750703617599,18.974028380619217,3.6504941061695018,2.751630327876255
1945-05-01,1945,5,16.12948498482115,2.1294849848211506,308.2978473244138,82.7077327924287,17.942960964270732,3.6481853233712536,2.2387865919475947
1945-06-01,1945,6,15.405929310430352,1.405929310430352,309.17198041353754,74.32151766658599,16.48789123169747,3.6704585621262096,2.579244894378744
1945-07-01,1945,7,14.467479030148716,0.4674790301487164,310.46250063711886,70.97439664346714,15.015027022603912,3.6590588998222655,2.383992515966049
1945-08-01,1945,8,13.499069135792476,-0.5009308642075236,310.11567297613675,66.07653143423488,13.86606733610109,3.643721021501907,2.657474741315515
1945-09-01,1945,9,12.55316459754173,-1.4468354024582697,309.8260992242223,66.14284910165888,13.495857627600017,3.659306035274539,2.3656978084932563
1945-10-01,1945,10,12.53658690474669,-1.4634130952533102,309.05877736368075,65.08775171125157,13.948903728203113,3.6386233295966055,2.3175159105609127
1945-11-01,1945,11,12.733871842755445,-1.2661281572445553,307.2878365999316,67.619967819155,14.937546604129086,3.640136411070208,2.436458847918508
1945-12-01,1945,12,13.465954566296276,-0.5340454337037226,306.9817626283834,72.76396877250552,16.539532501838252,3.671093043725282,2.5834808938521334
1946-01-01,1946,1,14.559494328177845,0.5594943281778431,306.93923625478664,82.81110132710486,18.098804910864008,3.725438026341114,2.758903131678812
1946-02-01,1946,2,15.355993125968306,1.3559931259683058,306.7223907445003,85.06254048895543,19.2622727480573,3.73319740973316,2.208023932912324
1946-03-01,1946,3,16.149544848594765,2.149544848594765,306.80879063021337,82.95088402203284,19.413719275132095,3.7353873052266406,2.371330480937926
1946-04-01,1946,4,16.574407149084518,2.574407149084518,307.6567763680823,85.3736258687043,19.084529173584443,3.7266648599024985,2.652648988088274
1946-05-01,1946,5,16.267154370942244,2.267154370942244,308.63770268962304,80.71855968032419,17.896318358385525,3.710496912771223,2.1406628897361712
1946-06-01,1946,6,15.41539452083809,1.41539452083809,309.25968219926773,82.69511924695404,16.545042837860183,3.717761043336656,2.606848138557503
1946-07-01,1946,7,14.42022982164112,0.4202298216411204,309.91936179737877,70.74820684021262,14.868180896339927,3.713539264388287,2.5959918377065714
1946-08-01,1946,8,13.446867109258116,-0.5531328907418853,310.5532427942573,67.00886889552154,13.330808668594965,3.722503945068878,2.8511441702449924
1946-09-01,1946,9,12.662167219886465,-1.3378327801135352,310.2093767376474,64.58061665040734,13.271515898592446,3.720762732652073,2.387619719162241
1946-10-01,1946,10,12.69897914483732,-1.3010208551626814,309.2139454428003,65.10023579535792,13.816421955958209,3.7096281484841622,2.38667196225139
1946-11-01,1946,11,12.650708133661132,-1.3492918663388682,308.31938666269025,72.66807854105936,14.854243099120728,3.7279555135714473,2.4957601313011457
1946-12-01,1946,12,13.303688023824009,-0.696311976175993,307.5711097894123,78.68914914240654,16.48719047423159,3.731599280735334,2.435829232597078
1947-01-01,1947,1,14.401516469469916,0.4015164694699162,307.18505901240616,82.26519216866977,18.195328384468063,3.785238651291397,2.6976663425153617
1947-02-01,1947,2,15.339023996836264,1.3390239968362645,306.7380268423951,89.51530970295154,19.219789463967857,3.811844401543528,2.591521907953884
1947-03-01,1947,3,16.141775596786818,2.141775596786818,307.1476158787318,91.75088027624558,19.550654088776152,3.777142656288466,2.687969178698524
1947-04-01,1947,4,16.409874173414366,2.409874173414366,307.2799497937797,84.7591891201606,18.939078798708515,3.806027708886746,2.496140531283981
1947-05-01,1947,5,16.039175874724506,2.0391758747245063,308.389104539516,83.86964771620389,18.07614229402557,3.806096221881017,2.4446193581783446
1947-06-01,1947,6,15.49963636648012,1.4996363664801198,309.0322526988709,77.5200880816002,16.684415967182524,3.803928698004593,2.4866533398649144
1947-07-01,1947,7,14.508402728383452,0.5084027283834516,310.17548958104277,74.261513617053,14.837450644813796,3.7972144551721487,2.487920453359437
1947-08-01,1947,8,13.46534742034552,-0.5346525796544803,310.7206404794956,72.01050363986059,13.956727354282695,3.797875375373184,2.649258372182407
1947-09-01,1947,9,12.629043750313429,-1.3709562496865717,310.2622502778731,69.54323228833177,13.639680651586358,3.797487349803827,2.3956272216487733
1947-10-01,1947,10,12.42308241795015,-1.57691758204985,309.637915111006,70.0949209286273,13.474966207309825,3.7980974529924096,2.242406276316673
1947-11-01,1947,11,12.72399126173355,-1.2760087382664498,308.6333940349093,72.61374277801247,14.751074128854146,3.7922374928070495,2.4764231387413016
1947-12-01,1947,12,13.320745473464674,-0.6792545265353258,307.32185752190344,75.56870734389732,16.15772142696608,3.804423149790163,2.775543908634621
1948-01-01,1948,1,14.443634149649696,0.4436341496496965,307.10490501105267,85.46364412432484,17.845575126018538,3.866069131811556,2.4659165982494917
1948-02-01,1948,2,15.424354143542748,1.4243541435427485,306.9199872169306,90.75743397417637,19.004694081658037,3.854804982952169,2.676346687825357
1948-03-01,1948,3,16.258295460920387,2.2582954609203867,307.37582616955365,87.63020435004043,19.490971136536793,3.864806071878109,2.6513669669284754
1948-04-01,1948,4,16.47754064641759,2.477540646417591,307.49869872547146,85.60237348966241,18.827895746005932,3.861137321306849,2.518391681462464
1948-05-01,1948,5,16.111985447562052,2.111985447562052,308.6410936840381,82.58725895504674,18.2718488813171,3.8829132892873313,2.6007392402574414
1948-06-01,1948,6,15.431424629044214,1.431424629044214,309.75484212946225,84.34008377121704,16.446827789518178,3.854725852182223,2.837181870397739
1948-07-01,1948,7,14.397825360691984,0.3978253606919839,310.5742676609562,75.6909049798586,14.748913150186127,3.866355426049519,2.7319488910476357
1948-08-01,1948,8,13.482680640913662,-0.5173193590863381,310.4896642265498,70.7492072809328,13.89716512051103,3.8621942665284505,2.9406754546871414
1948-09-01,1948,9,12.85019222340762,-1.1498077765923806,310.9595737469478,71.62991004152158,13.482850214399136,3.860807161456048,2.609128468297665
1948-10-01,1948,10,12.315677751304984,-1.6843222486950165,310.1129340108911,69.26021645060533,13.883629573691575,3.858558184083348,2.3871008725602816
1948-11-01,1948,11,12.791505854456313,-1.208494145543689,308.9757974391738,74.94021698565957,15.174580210751397,3.873523293927749,2.6794912130926782
1948-12-01,1948,12,13.609252660321197,-0.3907473396788052,307.34201726105323,79.29995508335271,16.319300979437976,3.8689158582737417,2.584315563068575
1949-01-01,1949,1,14.576070728319412,0.5760707283194115,307.30225045648973,88.76227611168292,18.01743411379209,3.941016133479308,2.744611133283936
1949-02-01,1949,2,15.425364075196816,1.425364075196816,306.9648438577151,94.4496427991067,18.986328039149303,3.9434772305132713,3.081982620879058
1949-03-01,1949,3,16.195942915589196,2.195942915589196,307.12646443891754,94.69644985358404,19.47667093648349,3.937826010650445,2.8632618682054445
1949-04-01,1949,4,16.478386120097586,2.4783861200975856,307.9903500978461,93.07868946578438,19.007476255623338,3.949582675298736,2.851970050223981
1949-05-01,1949,5,16.07821313234316,2.0782131323431585,309.2811435152623,88.24434725359284,17.742917079770738,3.939434040509508,2.783381751953732
1949-06-01,1949,6,15.42635454112357,1.4263545411235707,310.00194920916766,80.13043995116685,16.70838859711841,3.933348908358317,2.562629576313429
1949-07-01,1949,7,14.349673975970155,0.3496739759701572,310.56420313210356,80.30818795615453,14.813597370927972,3.947471082732213,2.8812618189750734
1949-08-01,1949,8,13.386190223922776,-0.6138097760772236,311.02246908897257,76.31101986471258,13.80856240167244,3.9565528244444,2.4738246403767743
1949-09-01,1949,9,12.616944991597586,-1.3830550084024136,311.05471249223046,70.84299142000656,13.476756089769802,3.94589285634283,2.4818200603869323
1949-10-01,1949,10,12.55468543513948,-1.445314564860519,310.33923801276893,73.63055837926527,13.887164111206188,3.933263981774648,2.962253030965714
1949-11-01,1949,11,12.675762828412244,-1.3242371715877557,309.3522895219265,77.1998558827479,15.082403476612559,3.940014910017398,2.768111687502965
1949-12-01,1949,12,13.510525156895554,-0.4894748431044462,308.04850025322463,83.3361580778814,16.383124906420697,3.931737005858945,2.877085173295301
1950-01-01,1950,1,14.474334892322664,0.4743348923226644,307.2881981474552,84.60551131080848,18.030876424355597,4.038009818566021,2.861990910554251
1950-02-01,1950,2,15.481713306260348,1.4817133062603478,307.66431216115103,93.40723531665468,19.30259717536629,4.017055654099727,3.1746130896854674
1950-03-01,1950,3,16.279749393387615,2.2797493933876147,307.8946329373877,95.43408427784502,19.42921373114774,4.0063846809360335,2.648207133289364
1950-04-01,1950,4,16.448124507711523,2.4481245077115226,308.1527366044581,90.33681761079151,19.29253858442268,4.031290607625206,2.8053733747325595
1950-05-01,1950,5,16.30659929997621,2.306599299976209,309.2442323642332,90.06470268689394,18.119054428733808,4.01072668217087,2.8180802116272887
1950-06-01,1950,6,15.357490352873349,1.3574903528733486,309.9421409852209,81.75310405823711,16.288384998860543,3.981491661186016,3.2208962026074124
1950-07-01,1950,7,14.458208945490233,0.4582089454902309,311.1425462326617,80.69873295479432,14.956387831425493,3.99394917043452,2.75247098700977
1950-08-01,1950,8,13.568004663522585,-0.4319953364774154,311.44322703358955,77.32817483614103,14.038477620402604,4.029075356835247,2.761797516768452
1950-09-01,1950,9,12.827441007905245,-1.1725589920947552,310.9670012584189,76.41595848780328,13.744233640382674,4.02587220406515,2.851020029110144
1950-10-01,1950,10,12.465325862038227,-1.5346741379617723,310.36274962014977,75.53267769370238,13.880514841538876,4.029719871525019,2.6007228548074104
1950-11-01,1950,11,12.42012487402062,-1.5798751259793793,309.4463057701639,76.5102726732858,14.977979261705624,4.02110775140599,3.0039539100414143
1950-12-01,1950,12,13.602817840042626,-0.3971821599573744,308.0697353996652,84.16474756753645,16.484286668923794,4.006914709038911,2.9953280631590333
1951-01-01,1951,1,14.401922590850017,0.4019225908500168,307.80427595480313,93.02427156875656,18.52368631150982,4.094785441654348,3.122272307921775
1951-02-01,1951,2,15.450363159106486,1.4503631591064856,307.84888258938514,88.96285101057961,18.96362929511778,4.077156203617317,2.841018384296575
1951-03-01,1951,3,16.121525447334037,2.1215254473340366,308.26092341387937,98.59799428410498,19.588525776916825,4.094651747348997,2.992962747998997
1951-04-01,1951,4,16.50996676983576,2.50996676983576,308.6550516441361,93.43172941320913,19.08715953334722,4.094707125053617,2.791395659686632
1951-05-01,1951,5,16.314449157670726,2.314449157670726,309.2497717155912,91.7349392219213,18.02954000310434,4.063043270611213,2.9963798829078314
1951-06-01,1951,6,15.3970189283009,1.3970189283009002,310.52858379248863,85.99344618819882,16.426745430044306,4.075450271539748,3.1076279530112547
1951-07-01,1951,7,14.327636325081007,0.3276363250810075,311.11734163554445,84.06365818007562,14.898579991037812,4.095104182120696,3.147928074986205
1951-08-01,1951,8,13.435936465787648,-0.5640635342123517,311.36677003601886,74.51785977892077,13.98784521556224,4.092588374433692,3.060841437277012
1951-09-01,1951,9,12.711361642558098,-1.2886383574419025,310.7291324798648,72.4673823065582,13.340773089046126,4.102566287137985,2.834056842010978
1951-10-01,1951,10,12.472747683728766,-1.527252316271234,311.0009522961917,78.27675921018364,13.72115164212827,4.096999075106135,3.143231124444772
1951-11-01,1951,11,12.666433874045296,-1.3335661259547038,309.6884147080712,77.86272090607144,14.98137261507,4.097788284905059,2.8700624002627744
1951-12-01,1951,12,13.45820527602737,-0.5417947239726306,308.3326246772937,84.89021249007658,16.643065052230817,4.080755596329862,2.899026886936924
1952-01-01,1952,1,14.4344668284391,0.4344668284391009,308.4369955843401,93.86069685892336,17.836258652252567,4.174077799448982,3.259959463958752
1952-02-01,1952,2,15.366795201495544,1.3667952014955436,308.05506316955734,94.49520782841849,18.854244758221732,4.186515327195991,3.289950947822485
1952-03-01,1952,3,16.25020844053446,2.250208440534461,307.6295814647436,97.50568102571168,19.392948730382916,4.152369258967039,2.9800060151269507
1952-04-01,1952,4,16.680538006575286,2.6805380065752864,308.8547281427746,92.9215958338132,19.268109242339918,4.156412755164456,3.451523621423425
1952-05-01,1952,5,16.236908748986732,2.236908748986732,309.9403275996859,89.85498004107193,18.209850723570202,4.14816190557184,2.875325191526946
1952-06-01,1952,6,15.241097723725952,1.241097723725952,310.86766050060845,87.93084356429641,16.70692360679145,4.167526445310777,3.50657579115772
1952-07-01,1952,7,14.326315619650716,0.3263156196507157,311.42931632579007,82.8525388209905,15.02088165470196,4.16220438866484,3.1601687943116024
1952-08-01,1952,8,13.559204764482356,-0.4407952355176441,312.35112305158526,75.35837830242315,13.768028842677689,4.1727143237323725,3.235857960918396
1952-09-01,1952,9,12.811876811471125,-1.1881231885288752,311.55728003929875,78.39464999114585,13.80956313349717,4.167162185889237,3.194461533246531
1952-10-01,1952,10,12.445826713923568,-1.5541732860764323,310.7760614645858,81.82368861082091,13.822878633513984,4.179929047642763,2.9073786539176725
1952-11-01,1952,11,12.73672616117228,-1.26327383882772,310.45788327763347,83.36837501919689,15.34786203440263,4.175046782451599,2.88993508799192
1952-12-01,1952,12,13.613917473624252,-0.3860825263757483,308.9191424163304,88.37265787775587,16.451706893117155,4.170279777882711,3.0621669380487693
1953-01-01,1953,1,14.61759220362799,0.6175922036279893,308.954726676268,94.1862364649136,17.994030427426416,4.256056888577301,3.231266384051354
1953-02-01,1953,2,15.468124695179084,1.4681246951790854,308.1096851101963,101.18624788275152,19.04443007984039,4.256470578955319,3.2536345366392765
1953-03-01,1953,3,16.35896535016835,2.3589653501683507,308.1464158537712,104.23216422439135,19.70671599820334,4.240634974800671,3.093355861240415
1953-04-01,1953,4,16.629768317923446,2.629768317923446,309.2938569137892,94.93952879589176,19.47898599023711,4.259529394368596,3.0748892500412106
1953-05-01,1953,5,16.2411245745618,2.2411245745617983,310.26155586221705,93.85885956549104,18.128132016687537,4.233757776344479,2.9540590938910665
1953-06-01,1953,6,15.566802856453531,1.5668028564535312,310.97209099629976,89.71550725206342,16.48915010993067,4.251080756457635,3.067687345125536
1953-07-01,1953,7,14.459002102121444,0.4590021021214454,312.0267221320033,83.68282116689163,15.537468764993028,4.246784317064357,3.087669219069697
1953-08-01,1953,8,13.653964506501914,-0.3460354934980856,312.0485272760996,83.17723151064122,13.800890088438795,4.253552902520873,3.5037990485072146
1953-09-01,1953,9,12.869433256076386,-1.1305667439236142,311.36895193613674,78.40775647124984,13.654937715069675,4.246466544654797,3.0338147600284944
1953-10-01,1953,10,12.393966004167424,-1.606033995832577,310.79275023646113,80.39814601055,13.78653788728635,4.230575912581569,3.175643430123976
1953-11-01,1953,11,12.870846966372984,-1.1291530336270146,310.3412555232079,84.19763609859501,15.085843913079142,4.254068430372042,3.190230840995169
1953-12-01,1953,12,13.58273657324484,-0.4172634267551611,309.2006321998454,86.8713454343468,16.419898319417975,4.235890360929591,3.213547133246542
1954-01-01,1954,1,14.4476257468368,0.447625746836799,308.74293653783855,96.55908247064929,18.174342137075275,4.340651080504788,3.1077595986364424
1954-02-01,1954,2,15.576882408272514,1.576882408272514,308.1604662354391,99.56521177941102,19.240961100009013,4.326928074322274,3.108162571248218
1954-03-01,1954,3,16.215856769319387,2.215856769319388,308.6420991859703,98.473067700195,19.37789046358968,4.317449571768583,3.3520773646457407
1954-04-01,1954,4,16.589863759914497,2.589863759914497,309.6996894540867,100.51751786530986,19.01313014391781,4.321244939256412,3.40373678997073
1954-05-01,1954,5,16.08943420685598,2.08943420685598,310.0894163845163,97.16342612497236,17.778171846800433,4.318753021117452,3.6096734166858377
1954-06-01,1954,6,15.546463771455532,1.5464637714555334,311.5867296762867,88.66497299347476,16.54764852937082,4.336336256261302,3.15172567550446
1954-07-01,1954,7,14.462760249317936,0.4627602493179346,312.0453237439639,84.92334620343082,14.79264839589771,4.299827341992346,3.5026175878120505
1954-08-01,1954,8,13.467303089365936,-0.5326969106340638,312.88230487065647,85.05537008855825,13.826928449581116,4.312379220196134,3.302487196520452
1954-09-01,1954,9,12.903213105069986,-1.0967868949300144,312.51777877925304,80.93421718272029,13.411083531896985,4.3259592876790185,3.528108275615213
1954-10-01,1954,10,12.508986851308812,-1.491013148691188,311.21924824436354,82.07903254640955,13.749742303980414,4.314323391774458,3.528442513163091
1954-11-01,1954,11,12.82661913523509,-1.1733808647649102,310.60349063166603,89.49305074623584,14.975693434254238,4.32035369379896,3.6699362124838304
1954-12-01,1954,12,13.664990838384474,-0.3350091616155257,309.25997557193807,90.32896619897303,16.55127774966849,4.339679875385046,3.0260629339994023
1955-01-01,1955,1,14.499359813188178,0.4993598131881782,308.4379935857178,98.95675824585918,17.918694922523745,4.401532288029198,3.270204211994185
1955-02-01,1955,2,15.486378575705974,1.4863785757059738,308.8939112095397,103.19419559438722,19.56476619537975,4.391771026803229,3.6437029219311095
1955-03-01,1955,3,16.22598815928703,2.2259881592870308,309.31269035484775,103.9214787514978,19.639270966169097,4.417173911852452,3.396969629622628
1955-04-01,1955,4,16.420794255890534,2.4207942558905344,310.03359347898646,102.83751366600076,19.327088375244788,4.388548461069349,3.6514857117668336
1955-05-01,1955,5,16.337541908983006,2.337541908983006,310.467940092899,96.85550893710553,18.02588338971353,4.39786563643402,3.7296614288130168
1955-06-01,1955,6,15.40113935708861,1.40113935708861,311.9487737814503,92.69013766105444,16.77107461888988,4.403807063110709,3.372392386380448
1955-07-01,1955,7,14.541328632458605,0.5413286324586029,312.8463043756632,86.77474250083185,14.865089897381957,4.414872439242739,3.5093493056949505
1955-08-01,1955,8,13.388044912973518,-0.611955087026482,312.98398276838844,83.17829565323197,14.03491677311919,4.425028643654117,3.1357079685607325
1955-09-01,1955,9,12.81170211479129,-1.1882978852087105,312.69568157097484,86.28764440486616,13.261815804965911,4.408524438088151,3.465995218031848
1955-10-01,1955,10,12.578787923992763,-1.4212120760072366,311.42518542065886,83.7384687993804,13.780086514609069,4.405360955682276,3.823833014027578
1955-11-01,1955,11,12.766783551746322,-1.2332164482536785,311.2327177829855,91.0382405325645,15.160715652098881,4.404946165828889,3.27470204161005
1955-12-01,1955,12,13.454583586838408,-0.5454164131615933,309.68947667318645,93.47277155709904,16.30104358100997,4.407512814045869,3.27883561369239
1956-01-01,1956,1,14.34607808450232,0.3460780845023201,308.8977301693404,100.3284246615998,17.63782419583469,4.484413235375565,3.439187653113281
1956-02-01,1956,2,15.49613326193762,1.4961332619376204,309.0096336058165,105.20973786318346,18.96000123364185,4.470814304317187,3.2072679667240847
1956-03-01,1956,3,16.236951893813615,2.2369518938136146,309.2733311138945,106.81606426150884,19.648009128153035,4.489715389227925,3.620805109818227
1956-04-01,1956,4,16.473452893373256,2.473452893373256,309.9033151430477,105.2086070270378,19.010203243488476,4.466732780014254,3.722298570817499
1956-05-01,1956,5,16.144805362722572,2.144805362722572,310.68564527741626,101.43901737928356,18.076676842405448,4.484505693819738,3.4402694111681758
1956-06-01,1956,6,15.428062536375808,1.4280625363758084,312.29754788194566,96.35678334539791,16.63178718085063,4.463008282296505,3.244609229527807
1956-07-01,1956,7,14.456727819305906,0.4567278193059056,312.4972592973715,94.39739980454026,15.053837567517348,4.494634522937281,3.506014294012395
1956-08-01,1956,8,13.655155166285072,-0.3448448337149283,313.23150190769195,87.355760175791,14.222064409971402,4.484841713817578,3.451033678079051
1956-09-01,1956,9,12.871875728844447,-1.1281242711555528,312.4821264173247,87.54239401605916,13.348957601568124,4.485052988648167,3.227314952764762
1956-10-01,1956,10,12.666069950888394,-1.333930049111606,311.86367188363477,90.56646025122627,14.05305216967051,4.44615991928037,3.723034494699555
1956-11-01,1956,11,12.688896392917483,-1.311103607082515,310.78511360026596,92.1875554758883,15.425718801401882,4.474556341459239,3.5531440552070546
1956-12-01,1956,12,13.62952160035145,-0.3704783996485492,309.97290107691543,97.84777256462768,16.323645338075806,4.482946011163122,3.3987734883232887
1957-01-01,1957,1,14.617189756970708,0.6171897569707081,309.45316669607746,99.60643087219238,17.752318053038287,4.540230176977346,3.7495532227406594
1957-02-01,1957,2,15.535189164231046,1.5351891642310456,309.5518476098838,105.4282110749756,19.281121696364824,4.573193731699543,3.788662807387806
1957-03-01,1957,3,16.188796573640158,2.1887965736401576,309.61012625951815,110.82459977600422,19.51757690225822,4.559794114825964,3.692103665729467
1957-04-01,1957,4,16.53932976889423,2.5393297688942305,309.92635638312584,106.3550644237028,19.095813617369277,4.569056722332778,3.661938551013104
1957-05-01,1957,5,16.23781362070948,2.237813620709481,310.698122826419,99.5903163612638,18.04174342672684,4.565099441881835,3.606854287394486
1957-06-01,1957,6,15.577508995911,1.5775089959109998,312.30350176171777,97.56294195359098,16.324541312655036,4.558933190059078,4.165095742559658
1957-07-01,1957,7,14.485888410430574,0.485888410430574,313.43926919060766,91.2894142039612,14.732956343482861,4.541992101019607,3.280793163088272
1957-08-01,1957,8,13.591087225570863,-0.4089127744291367,313.57273800560205,90.193716924427,14.054499109702173,4.584354286559878,3.411289705870621
1957-09-01,1957,9,12.83540033229281,-1.16459966770719,312.7667964062907,86.74987772791262,13.136968914759633,4.539395370871328,3.673539108030964
1957-10-01,1957,10,12.588206887890436,-1.4117931121095657,311.90093129307917,86.63534275262234,14.143038758345906,4.559679536609374,3.6028786968498725
1957-11-01,1957,11,12.688238403483023,-1.3117615965169769,311.4284296384365,91.49825084579192,14.97936857480599,4.561067317747717,3.617389931082833
1957-12-01,1957,12,13.732788606992044,-0.2672113930079565,310.2714896356426,99.68947241363172,16.396117199471572,4.561544047678213,3.480491148799322
1958-01-01,1958,1,14.720557127540362,0.7205571275403617,309.4123323234241,104.8026633581426,18.061885482143673,4.62178324556612,3.761725222555533
1958-02-01,1958,2,15.515457513719698,1.5154575137196975,309.87918484521924,109.14671903759849,19.17392318703701,4.632919305259827,4.012791050775934
1958-03-01,1958,3,16.227572375157944,2.227572375157944,309.51735156974456,108.22487031634785,19.597357702053507,4.663623200434356,3.932454043063145
1958-04-01,1958,4,16.435384552772984,2.435384552772984,310.212659009,110.4571087290199,18.95289444163652,4.635277199803916,3.8597268294222578
1958-05-01,1958,5,16.267843518952304,2.2678435189523043,311.9155023398258,107.12727036090376,18.300941966080433,4.63679108938456,3.369123912700025
1958-06-01,1958,6,15.676945885925404,1.676945885925404,312.4275152638321,100.11991941010876,16.77367819770564,4.641921911859679,3.788360511979121
1958-07-01,1958,7,14.495569667321227,0.4955696673212273,313.2811562465903,97.11075319524338,15.556892599109611,4.65211053002064,4.13562787338688
1958-08-01,1958,8,13.404107044524268,-0.5958929554757315,313.52004571215383,92.4728070219344,14.06039031636835,4.6432343596292815,4.070917856035382
1958-09-01,1958,9,12.894346968013403,-1.105653031986595,313.36741208165193,91.55404162624636,13.610036422939146,4.641401301976913,4.023799341803295
1958-10-01,1958,10,12.582821172415114,-1.4171788275848858,312.6988844700239,88.52920845351453,13.810324664840042,4.618295296649261,4.002409921745984
1958-11-01,1958,11,12.847084431435214,-1.1529155685647865,311.32882754871946,93.30084262455595,15.160161299098347,4.63824745278398,3.8608099992889446
1958-12-01,1958,12,13.465501250819855,-0.534498749180143,311.0624264227516,98.18768815084596,16.584247612092657,4.627030657349112,3.3508249077771044
1959-01-01,1959,1,14.461935421695456,0.4619354216954559,311.8014416013077,107.39033560632224,17.808050499359794,4.71480525504576,4.070719719784304
1959-02-01,1959,2,15.627442916084965,1.6274429160849628,311.294573954015,109.12716525550536,18.93852262678594,4.719737582658791,3.818137219450246
1959-03-01,1959,3,16.195697728290373,2.195697728290373,312.536038180073,110.002915305612,19.44987686119316,4.71345482357021,3.938597837010733
1959-04-01,1959,4,16.512769906839136,2.512769906839136,314.3373908565964,108.9948016837123,19.30022471643516,4.7414504780368105,3.630297902772737
1959-05-01,1959,5,16.359734907224013,2.359734907224013,314.3179559931979,106.33157435184636,17.994245817081055,4.726311731759019,3.998707730249432
1959-06-01,1959,6,15.62743540774155,1.6274354077415492,317.00448687159604,102.51954951856432,16.174697377534805,4.705789587735349,3.590823411155037
1959-07-01,1959,7,14.402161027710076,0.4021610277100755,317.86990680583773,95.77521499860188,15.168537157915223,4.710578425614075,4.33135384703338
1959-08-01,1959,8,13.398041297580535,-0.6019587024194628,318.3198003986282,96.66290815164672,13.888129829042674,4.7165278596707,3.851387888416176
1959-09-01,1959,9,12.928953107152475,-1.0710468928475247,317.5919827195625,93.8275215890565,13.699969503915936,4.717163825790872,4.300125524430386
1959-10-01,1959,10,12.565348693767268,-1.4346513062327322,315.44371320487386,93.19645838650855,14.144769499364193,4.718545706127222,4.163227096164096
1959-11-01,1959,11,12.8771608391924,-1.1228391608075992,314.9787884587214,94.7433793293162,15.318812655633604,4.717298227261806,3.984342195612096
1959-12-01,1959,12,13.72768260197055,-0.2723173980294504,313.8511509622651,101.94584184349432,16.366152291156265,4.713592871499023,4.413055019286815
1960-01-01,1960,1,14.6617687145562,0.6617687145561995,314.37768602116984,111.64426251964,18.605164323445443,4.8000230470889,3.783109972580328
1960-02-01,1960,2,15.570610527877092,1.5706105278770917,314.15872666326334,113.08276992642352,19.052191159114575,4.802483034429812,3.7979079929727058
1960-03-01,1960,3,16.297909248802537,2.297909248802537,314.00549756314126,114.8122132214624,19.70018686569927,4.8035468241205885,3.888565299762765
1960-04-01,1960,4,16.778827909861313,2.778827909861313,314.0736897519565,110.57389675945028,19.20245187203015,4.798245922841625,3.6567892785359786
1960-05-01,1960,5,16.271959330663204,2.271959330663204,316.5982112534464,110.11483095628957,17.971178500212112,4.801526707554388,4.316818992752477
1960-06-01,1960,6,15.603614243118136,1.6036142431181355,318.4812279890147,101.23577589522216,16.493193779560745,4.790483242142481,4.155597102564017
1960-07-01,1960,7,14.625293139446695,0.625293139446697,318.8911988051027,96.67903952617132,14.764918159424974,4.788660913854189,4.109278095924499
1960-08-01,1960,8,13.456974411795963,-0.5430255882040349,319.71656997280905,96.69355967933224,14.389199988525105,4.809374692751189,3.82493350993202
1960-09-01,1960,9,12.648202748428185,-1.351797251571817,318.12347923232375,90.2476430296712,13.22221494017415,4.798311324235978,4.3955058053787495
1960-10-01,1960,10,12.418437890894165,-1.5815621091058354,317.8536033816004,94.70441635082074,13.66183626209043,4.793548496254273,4.078135981027896
1960-11-01,1960,11,12.942806447432108,-1.0571935525678935,317.0684397405709,96.91401462276184,15.143352881156911,4.7956662374268575,3.840607629246668
1960-12-01,1960,12,13.66559123173698,-0.334408768263021,315.31651337781824,105.84485489677569,16.618230857480125,4.792476584493969,3.977620650360276
1961-01-01,1961,1,14.61888703454087,0.6188870345408706,315.4476448840186,112.56962801152194,17.835900727989628,4.895568706297714,4.177824591698652
1961-02-01,1961,2,15.528332907387208,1.5283329073872078,313.4313556286373,113.89604867764204,19.57306684971928,4.877270487043376,3.927728148564532
1961-03-01,1961,3,16.461743975716104,2.461743975716104,315.5422973516472,116.27183439498133,19.604816596749465,4.86958002343972,4.159306240708499
1961-04-01,1961,4,16.484113248761524,2.484113248761524,316.587982401563,114.70409084544175,19.023092965074785,4.875435828736733,4.1579199130910895
1961-05-01,1961,5,16.27760873639796,2.2776087363979585,318.5198593472855,109.95676632100964,17.98212971856643,4.875796603897308,4.142003694305909
1961-06-01,1961,6,15.65327680840166,1.6532768084016602,319.2995901895576,106.49509137684711,16.320161543520683,4.901759340836026,4.435563639644122
1961-07-01,1961,7,14.535511835384565,0.5355118353845647,320.480701740326,103.64972333570246,15.172832649154065,4.874763168736819,4.3290578271622735
1961-08-01,1961,8,13.292469291599469,-0.7075307084005313,321.9694721661942,95.09428710354058,13.663043518019178,4.878318585583966,4.329053272969112
1961-09-01,1961,9,12.891751631266192,-1.1082483687338076,321.5669792211925,93.52461725224931,13.359069287814433,4.885602223335521,4.594991633382889
1961-10-01,1961,10,12.482205521568227,-1.517794478431771,320.1945141948841,96.93137835498254,13.740710340267812,4.873307695702329,4.321525707899008
1961-11-01,1961,11,13.035735187792133,-0.9642648122078672,318.3519454484427,101.05887930533464,15.034870064954887,4.893492348240758,4.265003680853381
1961-12-01,1961,12,13.509521408033416,-0.4904785919665855,316.5919288374721,107.18243567193636,16.88794248061693,4.883217451507679,4.122494696170639
1962-01-01,1962,1,14.59526467556774,0.5952646755677389,317.00513628428934,113.98919692845352,17.588805233457666,4.972883715234127,4.369020098510518
1962-02-01,1962,2,15.533392590167663,1.5333925901676633,315.8896980193803,115.87651704411122,19.09416393586549,4.942679356489297,4.2116428161188
1962-03-01,1962,3,16.372046632466493,2.3720466324664926,317.75075943870456,119.88085245799356,19.363842376767526,4.958887644414161,4.064814972158382
1962-04-01,1962,4,16.584412542352325,2.584412542352325,318.10986759970154,116.64470557458782,19.309318700265464,4.94581574586461,4.539015790173281
1962-05-01,1962,5,16.351474432521893,2.351474432521893,318.6767687144313,110.54009887836528,18.34451609772282,4.968769445021176,4.309768487239181
1962-06-01,1962,6,15.74208610289014,1.742086102890141,320.59982345060297,109.8957264053942,16.458363150433428,4.952370279220213,4.355654402932499
1962-07-01,1962,7,14.587647358105285,0.5876473581052828,322.12873984946384,103.24257340276324,15.275678158340643,4.930443458092736,4.209921502342858
1962-08-01,1962,8,13.566569747928252,-0.4334302520717479,323.3565143043829,101.82973047341908,13.79512183942927,4.9625321908124285,4.301169698860876
1962-09-01,1962,9,12.761119611621115,-1.2388803883788828,323.440204883583,96.26229506320544,13.197911952983373,4.959768369138546,4.301186266976998
1962-10-01,1962,10,12.562069831749072,-1.4379301682509276,321.6091238023988,99.8422019056936,14.228799920592797,4.947583957037145,4.370050946142493
1962-11-01,1962,11,12.856589659513478,-1.143410340486522,319.39961679258585,101.56797234360828,14.632871839944178,4.977325670519484,4.453208221881579
1962-12-01,1962,12,13.603830065328076,-0.3961699346719225,318.1417072966659,107.75661143492243,16.429459417741135,4.966897527210341,4.577523891597249
1963-01-01,1963,1,14.536048711708755,0.5360487117087551,318.08022847855307,115.68106194570444,17.90211106058906,5.03153837785781,4.723788611681824
1963-02-01,1963,2,15.664612447022648,1.6646124470226482,319.0794829743746,118.77098647383666,19.071870142517966,5.049291038501059,4.746110981369451
1963-03-01,1963,3,16.349854537650987,2.3498545376509874,317.6514978412355,120.43823324943148,19.386364509491127,5.036071115315593,4.649113244762229
1963-04-01,1963,4,16.658924326627243,2.6589243266272438,319.9068595685927,117.7122331837274,18.80062942800785,5.035173161789548,4.437733764557655
1963-05-01,1963,5,16.245395151649124,2.245395151649124,321.7014085678607,115.53709594393166,17.886510990477674,5.052637592736677,4.611346043121198
1963-06-01,1963,6,15.752394871267189,1.752394871267187,322.2554084393134,106.74520834536052,16.74509593826496,5.042329057929399,4.623105555773276
1963-07-01,1963,7,14.646697477366944,0.6466974773669438,323.9222164315425,109.51671137180466,15.048026061511727,5.056323749548707,4.390751162233345
1963-08-01,1963,8,13.492461502235344,-0.5075384977646564,324.24598751238983,101.90978808463504,14.051183480980297,5.026461996728538,4.645016859707808
1963-09-01,1963,9,13.004809877244911,-0.9951901227550888,325.2012081094911,102.51448649990331,13.043818751163208,5.051301267589198,4.701527612495611
1963-10-01,1963,10,12.672143567488654,-1.3278564325113464,322.2874189710494,101.39660378052884,13.6841692445139,5.0372516737956,4.57813972723254
1963-11-01,1963,11,12.812681126405096,-1.1873188735949043,322.3747833468352,105.24725259220855,14.66755334410185,5.016961195396077,4.626363370015283
1963-12-01,1963,12,13.62244108495979,-0.3775589150402094,319.3818437056431,112.84090239027526,16.525713786799763,5.048817075079333,4.648115147114043
1964-01-01,1964,1,14.519301473572504,0.5193014735725026,319.8503189902529,117.7856055988347,17.735952821620035,5.110523375314933,4.722987975793426
1964-02-01,1964,2,15.545110716720083,1.5451107167200837,319.6739413456596,120.73393994212118,18.990179779634175,5.121246888647529,4.982410467137857
1964-03-01,1964,3,16.26967516825792,2.269675168257919,320.6442092814943,121.66615404728466,19.52225170201907,5.112512983243727,4.872700999391722
1964-04-01,1964,4,16.46793357530075,2.4679335753007514,321.4846212477235,120.75097042547728,19.20768819353026,5.11902822804313,4.857942062317334
1964-05-01,1964,5,16.48834609705541,2.488346097055409,323.0564893097822,114.90910602285555,17.957067740017848,5.109662778495499,4.878066259589498
1964-06-01,1964,6,15.525176535503029,1.525176535503027,325.1176159725749,109.31153770899252,16.56132514972114,5.103815121624439,4.8835021047744025
1964-07-01,1964,7,14.554345195452338,0.5543451954523384,325.1298780965686,105.43303698879458,15.048154373526655,5.133059514034121,4.817776192166072
1964-08-01,1964,8,13.66409929208663,-0.3359007079133693,326.4354127486424,104.472980820207,13.708163182946555,5.112787303885194,4.766331698226287
1964-09-01,1964,9,12.926028878593335,-1.0739711214066645,325.4573150589379,104.44019103296932,13.785881898137761,5.115457073834718,4.717417211304454
1964-10-01,1964,10,12.383695392257216,-1.6163046077427836,324.04753622213246,105.3236677517416,13.924440016897545,5.126101175496244,4.309531906112282
1964-11-01,1964,11,12.792677963801628,-1.207322036198372,322.3136755697063,107.74634056067347,15.038630010135817,5.113031976948194,4.562200629835927
1964-12-01,1964,12,13.694033332362126,-0.3059666676378736,320.83448195168376,113.18524986354026,16.558208406268285,5.117190297071239,4.930247378205652
1965-01-01,1965,1,14.505534308147643,0.5055343081476433,322.5601333080717,118.76698059200548,17.68025517114261,5.193864416251917,5.08612952490649
1965-02-01,1965,2,15.67862336580627,1.6786233658062706,321.8042595038977,127.47004765307472,18.976922340224093,5.189255313795616,5.033587664550383
1965-03-01,1965,3,16.215006264392333,2.2150062643923327,321.25940408115724,125.21235170556078,19.728200812966143,5.190784034430233,4.401863437486028
1965-04-01,1965,4,16.525925276206898,2.525925276206898,323.17639925165776,125.15813662181492,19.172773611891152,5.199339827939609,5.187619205049365
1965-05-01,1965,5,16.227907287479375,2.2279072874793755,324.9563437215087,118.4284229817529,17.7001308652366,5.209383759975503,4.7802639923121895
1965-06-01,1965,6,15.666614761558378,1.6666147615583782,326.2504329691581,117.18391656099848,17.041598988844616,5.179345689022604,4.8258647008756
1965-07-01,1965,7,14.531335232736591,0.5313352327365912,327.6454109914361,109.9694309199282,14.875614269008503,5.210234232572024,4.603889625908103
1965-08-01,1965,8,13.600413561873616,-0.3995864381263825,327.81942492273055,103.2612331751682,14.087930459783257,5.199631377253102,5.007723042209125
1965-09-01,1965,9,12.778590150564996,-1.2214098494350036,326.9473880314666,100.96470795534636,13.356705405000895,5.194439938023541,4.863037999028498
1965-10-01,1965,10,12.71408662691367,-1.2859133730863306,325.81675299262133,108.45758801667768,13.975543211234953,5.185636624698024,4.954878287030812
1965-11-01,1965,11,12.848673226013217,-1.1513267739867832,323.7764254013856,109.43651791109976,14.831936792700132,5.19004722234422,5.113543562325024
1965-12-01,1965,12,13.836697911944771,-0.1633020880552269,322.2347149494549,113.77774064724662,16.581471592830443,5.193417481152604,4.687146165832158
1966-01-01,1966,1,14.60990244842532,0.6099024484253199,324.1359427754318,126.24237506052884,18.105959301148733,5.288076679854317,5.302937147864305
1966-02-01,1966,2,15.551600888613482,1.551600888613482,323.22373775081934,128.24888115705426,19.350749884399335,5.260620895623598,4.983924701102079
1966-03-01,1966,3,16.372058008260904,2.372058008260904,323.51887761426707,128.4287617236507,19.465437645749635,5.2588720887497145,5.004602233001366
1966-04-01,1966,4,16.433352626659943,2.433352626659943,324.840258225107,125.52336986396143,19.18336890465073,5.294509309112893,4.872080811403387
1966-05-01,1966,5,16.206159465497596,2.206159465497596,325.52271624419643,119.787866056269,18.143643143253538,5.264779376481401,4.988224016777489
1966-06-01,1966,6,15.60398789833919,1.6039878983391898,328.38911672380885,118.2048622169538,16.127657052391417,5.274037832063817,4.969860033159315
1966-07-01,1966,7,14.420951527572656,0.4209515275726545,328.5566695439995,112.65885499637623,15.267354466797995,5.27099546547024,5.232475413135001
1966-08-01,1966,8,13.53971856604968,-0.4602814339503194,329.3067608216334,108.41714908452694,14.106259134423537,5.276428696791707,5.088316445124318
1966-09-01,1966,9,12.916980822962165,-1.0830191770378352,328.6178879468253,105.49725592408552,13.762923094441188,5.277930623755167,5.204091024391572
1966-10-01,1966,10,12.657907278855344,-1.342092721144656,327.1252193181238,106.43121009961509,14.063677577659211,5.269229207766644,4.749434923141541
1966-11-01,1966,11,12.87846101571133,-1.1215389842886694,326.09427317721685,110.05000885080268,14.934362375108499,5.279711571961518,4.909102655113273
1966-12-01,1966,12,13.592916246741972,-0.4070837532580267,325.26881945592004,115.36979464848982,16.68419747230524,5.289076910079709,5.074792996091588
1967-01-01,1967,1,14.535798115623583,0.5357981156235851,325.86143044255635,126.35501249468491,18.32444473465217,5.37012594478432,5.5239724671044765
1967-02-01,1967,2,15.91036954385274,1.91036954385274,324.2015603489051,129.2466507064735,18.818179276974544,5.346710542611688,5.054330983866141
1967-03-01,1967,3,16.31402625410626,2.31402625410626,325.69568839140544,128.49788679530823,19.560385438647163,5.35982459306745,5.4255523022973575
1967-04-01,1967,4,16.424691907634546,2.4246919076345463,326.2950570240629,127.0214180361446,19.299635030099257,5.36571031398476,4.991204822853228
1967-05-01,1967,5,16.42603718137965,2.426037181379652,327.07083986502096,126.02647346219298,17.90990986906019,5.349349166427768,5.416488406495263
1967-06-01,1967,6,15.620045781062148,1.6200457810621476,329.22035053967875,119.00812227204948,16.446944805337747,5.322062934592083,5.17309007494588
1967-07-01,1967,7,14.510436392899315,0.5104363928993152,329.6136358975956,112.56816310080352,14.353723802095795,5.369312363277775,5.206832328236605
1967-08-01,1967,8,13.687677225366611,-0.3123227746333867,331.133772825823,107.9789015674424,14.012470861720342,5.352986835388778,4.684121214418166
1967-09-01,1967,9,12.852709780570482,-1.147290219429518,330.507738743642,112.80031337687176,13.42814117769849,5.354146415770163,5.289840529577309
1967-10-01,1967,10,12.634646082946835,-1.365353917053163,329.29560446841725,112.20335908868002,13.77484962362186,5.349454296487257,5.501896340475002
1967-11-01,1967,11,12.94714900231356,-1.0528509976864413,326.5001706204002,113.1945595315154,15.144534332695281,5.362182616709886,5.44483074931094
1967-12-01,1967,12,13.71977707783301,-0.2802229221669901,325.96974891906336,117.0613200840258,16.84771578438456,5.360023073100513,5.323346609532773
1968-01-01,1968,1,14.492460546220885,0.4924605462208848,326.41507839904983,124.9028949240857,18.154282939079692,5.442653313855445,5.109135940525015
1968-02-01,1968,2,15.63058902256695,1.6305890225669497,325.3424081758888,123.73700536751856,19.124894771256585,5.420800657013002,5.28252989352981
1968-03-01,1968,3,16.444606006407586,2.444606006407586,326.44101962028583,131.37925270941415,19.96643242886525,5.426110889684076,5.085080023006116
1968-04-01,1968,4,16.521242481155817,2.5212424811558165,327.3975608654962,131.78996217213898,18.895135087778968,5.438194898581593,5.244871244080358
1968-05-01,1968,5,16.38387379971308,2.3838737997130792,328.841047800644,124.34141000998412,17.94125978523828,5.421995762815759,5.684104316173126
1968-06-01,1968,6,15.774900840986794,1.7749008409867937,330.4553709082443,120.26965187490156,16.780307804695127,5.4284386640690325,5.689678053584323
1968-07-01,1968,7,14.487715545292083,0.4877155452920831,331.0960287356327,115.46916118932316,15.056864429500816,5.4246731942070685,5.29431677439893
1968-08-01,1968,8,13.771151931467148,-0.2288480685328533,332.77263682818966,115.77838407929886,13.989009964519243,5.464688576429473,5.490372712785951
1968-09-01,1968,9,12.934070451690689,-1.0659295483093114,332.09003559946166,111.0228681156888,13.519867023670557,5.445837252153732,5.4117223468187365
1968-10-01,1968,10,12.637841403389,-1.3621585966110017,330.50477732226847,114.23437176784653,14.152522894666093,5.440904514858208,5.428908090110252
1968-11-01,1968,11,12.760411615718008,-1.2395883842819924,330.1995384333358,114.67542911743202,15.118841083616177,5.419601314163288,5.479873646561631
1968-12-01,1968,12,13.58677000614489,-0.4132299938551096,328.5868254930312,123.3768708458918,16.330745479041983,5.411647384886113,5.2129933844378025
1969-01-01,1969,1,14.719556851029369,0.7195568510293668,326.6777727059753,129.11156127169056,17.876691555220685,5.490966776775624,5.697139878929334
1969-02-01,1969,2,15.63985505383232,1.6398550538323189,327.652602456768,135.2039007542032,19.368207730099684,5.5101462976276405,5.855905211974626
1969-03-01,1969,3,16.30911387952255,2.309113879522549,328.19330581414846,131.52127519414603,19.632546295792967,5.493627227296334,5.386383902447543
1969-04-01,1969,4,16.592920153961067,2.592920153961068,329.6820552272124,132.41363625218472,19.041405139062498,5.515440474467696,5.240650841544972
1969-05-01,1969,5,16.382386145233593,2.3823861452335926,330.8988537897313,126.783618774512,18.224280477539125,5.518299882723815,5.117690954734483
1969-06-01,1969,6,15.578864874178596,1.5788648741785956,332.5806534825194,122.95333192265718,16.557713356072462,5.501853097850835,5.692460580857198
1969-07-01,1969,7,14.506285841000093,0.506285841000091,332.99527055495565,119.53585359425487,15.228943932088077,5.49812816334988,5.5401282441879305
1969-08-01,1969,8,13.688091454602873,-0.3119085453971291,333.35294754601705,114.10813377180754,13.81680237786796,5.510986586131468,5.7806012415430645
1969-09-01,1969,9,12.891669246461062,-1.1083307535389384,333.1484205509109,114.41505044625846,13.510059723120776,5.505501719842495,5.59554595731244
1969-10-01,1969,10,12.765553378732127,-1.2344466212678729,332.4722019433806,115.1145234605841,13.82281436163322,5.513418315410877,5.627346979942782
1969-11-01,1969,11,12.973075929709283,-1.0269240702907148,330.40239757906534,116.44982489867434,14.620833318484538,5.510012374268557,5.561267133686014
1969-12-01,1969,12,13.6649830886553,-0.3350169113446988,329.0458285129185,120.5690487813749,16.568539879570167,5.500590635188814,5.818378273694178
1970-01-01,1970,1,14.639541275289494,0.6395412752894938,329.6818927709743,129.42013932870557,18.2544375648665,5.58321706402163,5.532750041666433
1970-02-01,1970,2,15.44450199638302,1.4445019963830197,329.6449191420245,133.31261078576566,19.325916023997557,5.565309668440666,5.763031442614729
1970-03-01,1970,3,16.357969158954088,2.357969158954088,329.9107766626622,138.41591390385517,19.282986290361052,5.580027893511009,6.198456182798706
1970-04-01,1970,4,16.766582993354728,2.766582993354728,331.38353747045386,138.12983293923625,18.847715050519945,5.584779139427606,5.570488094985372
1970-05-01,1970,5,16.300338980237974,2.3003389802379743,332.2539384811411,132.39163840074414,17.76698369324257,5.574270912412771,5.885293719620483
1970-06-01,1970,6,15.662362460452336,1.6623624604523357,334.09460719879405,128.23280807703097,16.209821160463143,5.578107399131661,5.588373852684158
1970-07-01,1970,7,14.705684061682527,0.7056840616825291,335.7271783878824,122.453918200582,14.760290869435837,5.599194818525674,6.061255819304984
1970-08-01,1970,8,13.71852785655348,-0.2814721434465213,335.1152737954694,117.60588115441745,13.796700752551217,5.5635719692501935,6.076617235406506
1970-09-01,1970,9,12.897978660060687,-1.1020213399393128,335.6028711625176,117.03896559806395,13.94229410256422,5.60342756821793,5.606073263379005
1970-10-01,1970,10,12.666444389113249,-1.3335556108867532,333.9065834194409,117.4169010162786,13.885902224350936,5.572031625137544,5.748299059663289
1970-11-01,1970,11,12.978971510855562,-1.021028489144438,332.66616723340377,118.1439904514196,14.868097046594762,5.580607954037893,5.960660842737279
1970-12-01,1970,12,13.520481070906534,-0.4795189290934658,330.665321382206,124.7504923511519,16.457019869911235,5.587102739705169,5.446537069855965
1971-01-01,1971,1,14.705381693506451,0.7053816935064532,332.01663006991413,132.7101671808094,17.985012385767195,5.638969360289366,6.393719543014539
1971-02-01,1971,2,15.735556570716032,1.7355565707160316,331.0923660693514,138.41955674681756,18.979128780372804,5.667458525284227,6.094547887611351
1971-03-01,1971,3,16.48262930033323,2.4826293003332296,330.59729783152375,134.68750357031445,19.78582637679609,5.655992538807311,5.984519482354592
1971-04-01,1971,4,16.651491743001856,2.651491743001856,332.9637697269281,137.41437923817895,18.7942382541838,5.651529201866115,6.058001619456461
1971-05-01,1971,5,16.49349466259584,2.49349466259584,333.1471134644046,134.74613011075368,17.959168224562625,5.660470756353325,5.957291063379947
1971-06-01,1971,6,15.7367659958228,1.7367659958227986,335.61045517146977,128.14277089486654,16.534909358133294,5.65360104930435,5.803591832321279
1971-07-01,1971,7,14.78927469938094,0.7892746993809396,336.2442197239328,125.16521025367896,14.901278996789955,5.653162932761279,5.720727013402473
1971-08-01,1971,8,13.638320788484826,-0.3616792115151739,337.36368877359075,121.6433739804294,13.563877286316114,5.66115695709633,6.083719031909082
1971-09-01,1971,9,12.970887818183964,-1.0291121818160374,336.52702965296925,120.43837695541468,13.40262697059397,5.664055177220131,6.33463082249046
1971-10-01,1971,10,12.636633470187268,-1.363366529812733,335.84447301139164,119.11178032629304,13.892215658029368,5.67439916881523,5.836114216914308
1971-11-01,1971,11,13.054823575251095,-0.9451764247489044,334.5154857803214,121.47516515252346,15.089391314454634,5.645619037578174,6.038896705430709
1971-12-01,1971,12,13.624364199325315,-0.3756358006746847,332.66096858931843,128.50667804726217,16.78218895488322,5.668758124134009,5.9898873468068095
1972-01-01,1972,1,14.595041262373543,0.5950412623735453,334.14525266790326,137.77344550956937,18.081025241161473,5.749933394469484,6.350647655005774
1972-02-01,1972,2,15.759789806368138,1.759789806368138,332.8157066841129,139.3409121077151,19.046140303193848,5.734545209435155,6.386117023127394
1972-03-01,1972,3,16.197242409594203,2.197242409594203,332.5249603475975,143.04037330778763,19.715698812216324,5.727990135482319,6.466302963421283
1972-04-01,1972,4,16.7589921965684,2.7589921965684,333.5597593797473,137.5690518837895,19.219994744893985,5.732015147118403,6.296935094979268
1972-05-01,1972,5,16.453527913156076,2.4535279131560763,335.36565455537124,135.36476372290332,18.005672638119982,5.751213953347948,6.036595674967881
1972-06-01,1972,6,15.570819050468646,1.5708190504686463,336.8702290897025,131.94029862190024,16.306385399849326,5.727096293766767,6.316424751404345
1972-07-01,1972,7,14.800406610854946,0.8004066108549459,338.4511471916832,124.71312053976852,15.25353781577878,5.739394899237232,6.095029234107468
1972-08-01,1972,8,13.68333545161726,-0.3166645483827395,339.14630213605847,119.0266986273427,13.748624692098883,5.742944480063544,6.304157873821678
1972-09-01,1972,9,12.942999196554473,-1.0570008034455274,338.72668387130403,118.47716629653117,13.521927816687052,5.744558413816908,6.572906278975602
1972-10-01,1972,10,12.87424909458102,-1.125750905418979,337.2276309253091,121.76459360906422,13.622562967263388,5.744333026265852,6.252219468124311
1972-11-01,1972,11,13.034724125269497,-0.9652758747305032,335.82125832300846,123.77387620985064,14.535185423764915,5.726060126553569,6.179359493856778
1972-12-01,1972,12,13.570070251985218,-0.4299297480147821,334.30775929177906,132.91896011288506,16.563196142983045,5.734357396691578,6.317104742045319
1973-01-01,1973,1,14.60639005008482,0.6063900500848192,334.5341728907176,139.15734482528305,18.212001909878246,5.786652149364088,6.196634442554088
1973-02-01,1973,2,15.766127344675658,1.7661273446756578,335.2000527918282,143.05349637097507,19.065663940967898,5.810348108023783,6.489899830766755
1973-03-01,1973,3,16.472118050231146,2.472118050231145,334.86066799383974,143.79656191700207,19.51618844329165,5.786731759736735,6.447185168138347
1973-04-01,1973,4,16.708843116806097,2.708843116806097,335.6962577839369,143.7084455276859,18.68469009985108,5.815043008785434,6.545415399007085
1973-05-01,1973,5,16.372290519662677,2.372290519662677,337.6440971432605,140.9655700867352,17.758984228821234,5.815162386225953,6.72702399902307
1973-06-01,1973,6,15.71592742763569,1.7159274276356893,339.04407386532006,132.45293598002067,16.45947564568328,5.80087291953476,5.973472042365939
1973-07-01,1973,7,14.771375467451715,0.7713754674517173,340.4004638897127,130.5597232285439,14.832428164406336,5.812795074127021,6.392122158525248
1973-08-01,1973,8,13.838752518326142,-0.1612474816738576,340.9743051769207,124.59527669862436,14.073615915056486,5.806145888781158,6.201364146296973
1973-09-01,1973,9,12.980474374008816,-1.019525625991184,339.5358693922174,123.88554302986957,13.945005102668631,5.807376059499833,6.372355772760767
1973-10-01,1973,10,12.848442759845028,-1.151557240154972,339.0915443823286,123.35930627076964,13.658911823133742,5.813190515384537,6.157716656408248
1973-11-01,1973,11,12.921036748352329,-1.0789632516476717,337.8048124619971,128.23659526312022,15.239595695110006,5.809778861618868,6.522766482803692
1973-12-01,1973,12,13.65584361819724,-0.34415638180276,335.90894932461015,135.2349307261774,16.27713352779588,5.81339424704462,6.357667537607039
1974-01-01,1974,1,14.67351203821252,0.6735120382125199,336.6371283978849,137.4035574232642,18.05721994963922,5.871315161902404,6.487999097537166
1974-02-01,1974,2,15.944466209564013,1.9444662095640128,335.0606887794745,143.92014324633445,19.414373045794783,5.868155267876822,6.731700521416444
1974-03-01,1974,3,16.471770287386146,2.4717702873861462,336.5258769893803,147.05133149005115,19.52694365028975,5.880177083208012,6.646138649139936
1974-04-01,1974,4,16.74278519706987,2.742785197069871,338.0156779204402,146.05880884237956,19.497268566960997,5.895415355809058,6.730006856103864
1974-05-01,1974,5,16.463166024840472,2.463166024840472,338.4724795710087,138.98574849755244,17.880893301759784,5.873114354067333,6.624774765630296
1974-06-01,1974,6,15.747429585829227,1.747429585829229,340.64245423285746,136.13849225331683,16.408281422865365,5.873586856366691,6.468314520074313
1974-07-01,1974,7,14.722573704997188,0.7225737049971883,341.0381348527098,132.24039534358522,15.261314847417264,5.874904797323604,6.98020849081753
1974-08-01,1974,8,13.731488356719291,-0.2685116432807088,342.2354024687484,129.93159605539995,13.64840833100473,5.8661096874441,6.251811309402562
1974-09-01,1974,9,12.858054055503608,-1.141945944496392,341.01345449494727,128.20375409923955,13.331421405216663,5.880728160855113,6.707184127716109
1974-10-01,1974,10,12.71309986259476,-1.2869001374052402,340.03769638759775,125.35350173279429,14.189180611167924,5.876007570703023,6.289836867214432
1974-11-01,1974,11,13.13831233447473,-0.8616876655252703,338.88211404429745,135.33793246514935,14.960699889331911,5.863680016408775,6.217721188747734
1974-12-01,1974,12,13.587552437604906,-0.4124475623950943,336.5396977710379,135.57670233365135,16.874926018402782,5.877385457202461,6.764225331029325
1975-01-01,1975,1,14.861727879559073,0.8617278795590728,337.31671962678706,142.53432041566992,18.01773649945397,5.946293130445352,6.8340308218790975
1975-02-01,1975,2,15.639157131956177,1.6391571319561749,337.44137560715205,147.3109424921677,18.95913885310305,5.961679566708424,6.627052893505118
1975-03-01,1975,3,16.367853280946704,2.3678532809467043,337.77365474047133,149.58420887091205,19.177978492936777,5.9520569759922335,6.613409727866909
1975-04-01,1975,4,16.702359875627906,2.7023598756279057,339.04889911889774,145.26163837247609,18.97814672190495,5.9354004670910205,6.958912519865385
1975-05-01,1975,5,16.420265915521973,2.420265915521973,340.4489922952712,141.32235127827985,18.110853727679928,5.932719602335097,6.752012780630124
1975-06-01,1975,6,15.667494594426936,1.6674945944269357,341.77581809807253,136.42572884049468,16.686102431130646,5.94851357420804,6.706322051967591
1975-07-01,1975,7,14.714176973556366,0.7141769735563663,342.76253953509064,133.0541328635734,14.857871011280013,5.947293116998953,6.8878423091512
1975-08-01,1975,8,13.67849946531331,-0.3215005346866899,343.1049471899329,131.94953969320048,13.90950925488052,5.9503433960599486,6.834614618268265
1975-09-01,1975,9,12.793210909728174,-1.206789090271826,343.4212741091516,124.28538294757078,13.705075825875703,5.9397020712173365,6.75092898190776
1975-10-01,1975,10,12.58379562205745,-1.4162043779425506,341.98809141981656,127.45921872441858,13.92751795654495,5.94812149054239,6.774089818582722
1975-11-01,1975,11,12.91105007414866,-1.08894992585134,340.53856042590513,133.95663065035777,14.93766962807846,5.961611356640346,6.81166860996496
1975-12-01,1975,12,13.694902664007962,-0.3050973359920377,339.46017366618275,135.0457286981709,16.362564489843056,5.94413799823637,6.74697112446529
1976-01-01,1976,1,14.808129669230537,0.8081296692305351,338.87257319747226,144.89391817192077,17.90641223885385,6.020831900361056,7.182300445725445
1976-02-01,1976,2,15.643508204301892,1.6435082043018934,338.6315976786641,146.72737044334087,19.48293839730117,6.024760198611653,7.032188073447388
1976-03-01,1976,3,16.457629811453646,2.4576298114536463,339.6058677515227,150.67776921192706,19.355350460228824,6.027903847397981,7.2010483693630745
1976-04-01,1976,4,16.726786274493257,2.726786274493257,339.6444213051205,149.0728163293214,19.223440843686543,6.003635356913633,7.011729272846513
1976-05-01,1976,5,16.54028249392908,2.54028249392908,341.86164208636086,145.9822910713371,18.20568707103942,6.021632916393957,7.441456956741696
1976-06-01,1976,6,15.739036030039442,1.7390360300394416,341.9796662258863,136.23612105607484,16.013794409858356,6.02570718033865,7.225472558000506
1976-07-01,1976,7,14.871255722062893,0.8712557220628909,344.8150543950384,130.86457688886054,15.170473877216299,6.02208804701792,7.05678049853928
1976-08-01,1976,8,13.60415746120654,-0.3958425387934596,344.94576431110886,132.39436224379756,13.820643434861895,6.021215693136936,7.271379318472925
1976-09-01,1976,9,12.981384493871172,-1.0186155061288282,345.05950858641705,131.2515839549022,13.381190653068582,5.998650940871096,7.379212544238109
1976-10-01,1976,10,12.57214731463405,-1.4278526853659503,343.3931718271202,131.0439946648888,13.841401764607872,6.025893225526223,7.253160228795478
1976-11-01,1976,11,12.932452147461923,-1.067547852538075,341.417660281196,135.35427555275555,14.853840249297336,6.019912962180062,7.100201077098292
1976-12-01,1976,12,13.729998123105032,-0.2700018768949679,340.49134572280855,139.27719805560798,16.449356469229443,6.014828337729869,7.244325521612692
1977-01-01,1977,1,14.681461339084809,0.6814613390848088,341.3179047458123,145.04978935595244,18.237883675325282,6.075665897105579,7.599589293606811
1977-02-01,1977,2,15.784273467430156,1.7842734674301577,340.7820308548697,152.97447226165124,19.17372014081546,6.104447418686154,7.585859254768317
1977-03-01,1977,3,16.517695869406246,2.5176958694062463,340.30183749644755,153.19232710970454,19.42943959391548,6.088986498529168,7.650879820911224
1977-04-01,1977,4,16.74507579323944,2.7450757932394403,342.35151169574067,152.82997573672858,18.98563808481671,6.087881205950325,7.578086171713604
1977-05-01,1977,5,16.32580825959602,2.32580825959602,343.71229369748045,147.5039617527915,17.80468823538466,6.078948755249013,7.30643239379706
1977-06-01,1977,6,15.794070080033238,1.7940700800332383,346.03514040089584,143.75582971419038,16.286767847458407,6.08364341717823,7.504124028859249
1977-07-01,1977,7,14.96861661739189,0.9686166173918896,345.8839472421448,137.68247427647373,14.990006008698778,6.073221668322357,7.151975026769202
1977-08-01,1977,8,13.767848227798362,-0.2321517722016377,346.6301497675283,136.984052624068,14.102807501928664,6.079968195116157,7.312218415598733
1977-09-01,1977,9,12.877047675503237,-1.1229523244967634,345.7583295125592,131.3490780625341,13.533116381783513,6.082806862148555,7.391152168608843
1977-10-01,1977,10,12.682131105231084,-1.3178688947689157,346.0342314148928,132.9725867294713,13.880204629421605,6.079335745029926,7.447057130324619
1977-11-01,1977,11,13.038733906755391,-0.9612660932446068,343.4616942958693,138.488230710038,14.87897620141994,6.094120268688322,7.5620507322307695
1977-12-01,1977,12,13.589806902868355,-0.4101930971316445,341.1216300840894,147.16522895969902,16.580415009648345,6.084130675284643,7.573836724315874
1978-01-01,1978,1,14.74288511832295,0.7428851183229508,343.1179787175762,150.40488863999792,17.658270186712443,6.160161062884151,7.844387100842198
1978-02-01,1978,2,15.95032666477618,1.9503266647761808,341.8165523077773,156.79007397231925,19.16473205923763,6.150070733582451,7.664555834224492
1978-03-01,1978,3,16.374370483868866,2.3743704838688657,342.36187010848306,156.00965520650286,19.57748052497691,6.136111318201713,7.647070758614658
1978-04-01,1978,4,16.76393568542285,2.763935685422851,344.0472459706682,154.1217461813137,18.893437913200454,6.162978008695903,7.637168288631626
1978-05-01,1978,5,16.51221829479109,2.51221829479109,345.5428702965113,149.96797983937074,18.18216355089743,6.156031324446036,7.567913126655059
1978-06-01,1978,6,15.822681454200412,1.8226814542004133,347.46857834813875,144.9644278263577,16.41117228883518,6.137378528854928,7.822469058341892
1978-07-01,1978,7,14.790421980173658,0.7904219801736581,348.5479688485541,139.4957411213466,15.362811779738745,6.142180531189756,7.390083504854452
1978-08-01,1978,8,13.8304326464384,-0.1695673535616002,348.76837255936425,137.21370849269627,13.903466161866548,6.146574389150585,7.7416389292336
1978-09-01,1978,9,12.958190469171004,-1.0418095308289956,347.3946556325723,132.3971937976404,13.511992835704218,6.15394838696583,7.551466487291965
1978-10-01,1978,10,12.771624548307408,-1.2283754516925924,347.10802786630626,136.23103522849044,13.775216965979762,6.14133992704736,7.9124955613645955
1978-11-01,1978,11,12.940801528046071,-1.059198471953927,344.87571959328545,141.0292252324247,14.74101049739349,6.144131843340555,7.781634142430284
1978-12-01,1978,12,13.750176299184748,-0.2498237008152521,343.5301301131372,146.54368416209536,16.34730430073225,6.134590446003336,7.762852708879793
1979-01-01,1979,1,14.731822506985583,0.7318225069855853,344.90849649786514,152.98957897664542,18.85119462846671,6.2105651674237,8.258296031981814
1979-02-01,1979,2,15.694833806973056,1.6948338069730546,343.4221175551825,161.05668678197657,19.022974177380743,6.215239525353508,8.016159873538069
1979-03-01,1979,3,16.472343517533215,2.472343517533215,344.05334470412544,156.079984995141,20.27306293353768,6.221492358403543,8.262583012400974
1979-04-01,1979,4,16.841612711686086,2.8416127116860856,344.28713266213134,153.05893359501576,19.3146477592241,6.204070547281321,7.931895038208877
1979-05-01,1979,5,16.551014017379764,2.551014017379764,346.9849957427131,151.68519912312428,18.012847734229865,6.196513371650108,8.089067010822811
1979-06-01,1979,6,15.673772299863629,1.6737722998636269,348.6793116154583,146.14667154942754,16.161879862753068,6.183972283041323,7.850396876357317
1979-07-01,1979,7,14.723801488697658,0.7238014886976583,349.00291965727234,143.1773983288642,14.222155250783947,6.210420437142669,8.103441927546982
1979-08-01,1979,8,13.687287312924044,-0.3127126870759547,349.9117923783542,139.58592954235456,12.557537917431388,6.222739507283231,7.888117928434241
1979-09-01,1979,9,12.995773167417674,-1.0042268325823258,348.7782560957229,135.50297186877845,11.864186627741702,6.220825643725916,7.959251798253094
1979-10-01,1979,10,12.552583604784784,-1.4474163952152157,348.08510178870887,137.69203586801183,12.676713267895488,6.22949378858196,7.6152476108855325
1979-11-01,1979,11,12.993076336641344,-1.0069236633586574,346.6735407470157,140.17952111159738,13.493353185733612,6.205621268677099,7.649439180071774
1979-12-01,1979,12,14.105809545379165,0.1058095453791629,345.61156257747984,145.73772419464143,16.65745761095753,6.225713506121919,7.746323017554767
1980-01-01,1980,1,14.772547617835388,0.7725476178353876,345.94540523157696,154.8089851551241,17.595895757449746,6.274208479519464,8.100562328786951
1980-02-01,1980,2,15.7313673834184,1.7313673834183998,345.92986695865,157.54833927290184,18.84337889216632,6.280319858075464,8.32097262813397
1980-03-01,1980,3,16.573800069634302,2.573800069634302,345.233924182954,159.40974090972128,20.037828725533323,6.287495846638663,8.328551117792719
1980-04-01,1980,4,16.665097973244006,2.6650979732440057,346.9295435009042,158.51542872862234,19.537430265834743,6.278483798811521,8.215597571861785
1980-05-01,1980,5,16.442523581174616,2.4425235811746155,348.52194796429444,155.77215163655276,17.85521736427313,6.277968264583289,8.229266034481212
1980-06-01,1980,6,15.92004051704349,1.9200405170434909,349.66150252639164,148.74163421015697,16.255896857047016,6.273191413597186,8.262140789944342
1980-07-01,1980,7,14.685078882038995,0.6850788820389955,351.78919723801323,142.60520352760165,14.011568165868052,6.274520565033901,8.262006584153541
1980-08-01,1980,8,13.741538402744256,-0.258461597255744,351.64273643598534,142.42050766544065,11.757820714228744,6.288916431822228,8.220311357548164
1980-09-01,1980,9,13.066862168216888,-0.933137831783112,350.67235538478985,137.78014425270842,12.341155846530649,6.283371061946327,7.998213820464834
1980-10-01,1980,10,12.657511964282229,-1.3424880357177713,350.3194125471424,144.83503323794375,12.152016792012876,6.280319694968392,8.199004796519018
1980-11-01,1980,11,12.9730868993666,-1.026913100633401,348.40298188080567,143.83614652896506,13.778307056371402,6.272277373331388,8.263018473079626
1980-12-01,1980,12,13.586865136659702,-0.4131348633402982,346.5326698934606,154.74323114073525,16.011223611479796,6.278382847910934,8.037657074873298
1981-01-01,1981,1,14.699743870477418,0.6997438704774179,347.24414628787804,152.42981251752823,17.950136089267144,6.34006492338071,8.51167922090844
1981-02-01,1981,2,15.881894896784743,1.8818948967847435,347.6891547272276,162.96309786825356,18.92741705792031,6.334437324703816,8.370067225164357
1981-03-01,1981,3,16.575680364214513,2.575680364214513,347.52352186011643,158.84915013046017,19.818659914020213,6.334929210085479,8.798870043153979
1981-04-01,1981,4,16.700771781503164,2.700771781503164,347.8467591666534,159.95333689962118,19.313118176516635,6.330463923283989,8.724882786189296
1981-05-01,1981,5,16.475690160694693,2.4756901606946933,351.37903012566966,153.55839305930627,18.077321040588263,6.370163611001469,8.317256466861028
1981-06-01,1981,6,15.771560990768824,1.7715609907688243,351.7730824789557,153.40122038800394,15.9646022022201,6.3361180783949305,8.694175230383598
1981-07-01,1981,7,14.648906540777768,0.6489065407777677,351.9096147099008,148.23838584000526,13.744613593025273,6.336766516546336,8.973431108776804
1981-08-01,1981,8,13.74303194867968,-0.2569680513203209,352.8597700727657,142.81327976607787,11.752586531479407,6.358452556108385,8.539036468883012
1981-09-01,1981,9,13.049874462827896,-0.950125537172104,352.74245146219874,142.73363604417864,11.814471616372952,6.344860570618456,8.46655958190164
1981-10-01,1981,10,12.760509292168196,-1.2394907078318038,351.6257573284486,142.95783107685773,12.389834553957812,6.340234133866953,8.677231959984907
1981-11-01,1981,11,13.168837679271338,-0.8311623207286623,350.4492039742896,147.79757606914828,13.745791647922738,6.335693006940771,8.679003784632426
1981-12-01,1981,12,13.721753552148558,-0.2782464478514423,348.67603469973875,155.6763972340483,16.090919851190975,6.347629744065606,8.412718901896785
1982-01-01,1982,1,14.808422286846552,0.808422286846552,348.6696770350143,159.85755601235044,17.888308483353498,6.408343535038233,9.057978008428591
1982-02-01,1982,2,15.92725500589483,1.92725500589483,349.3358462573518,164.16421810458954,19.6195249277122,6.388287759103346,8.497252720658784
1982-03-01,1982,3,16.222246270819383,2.222246270819383,348.6809184547436,165.19148811374853,20.01838052007043,6.39612648780839,8.594490431822447
1982-04-01,1982,4,16.653571672913294,2.6535716729132943,349.68771503097173,163.44102487014734,19.42611605236312,6.401001379313412,8.55984003297852
1982-05-01,1982,5,16.357849242487084,2.3578492424870845,350.9796286331112,159.86774976830466,17.19472520884042,6.387039921924361,8.84241170827645
1982-06-01,1982,6,15.881789048325118,1.8817890483251176,353.15380286516245,152.95822832980457,15.692445007243174,6.415896536503268,9.28017918379865
1982-07-01,1982,7,14.814176493970171,0.814176493970173,353.06592346495665,149.8764255114352,13.766096949020096,6.399645311102084,8.870205474912872
1982-08-01,1982,8,13.934225775720954,-0.0657742242790462,354.1182944268717,144.71042009891008,12.345263926058784,6.402622050375378,9.023669836035202
1982-09-01,1982,9,13.05678932229108,-0.9432106777089206,353.048298178494,142.70020080459307,11.66541425078531,6.400484744016834,8.639443277428944
1982-10-01,1982,10,12.842114193164427,-1.1578858068355729,352.7350691230398,145.85518391633175,12.42111528129267,6.387259487998191,9.16602640182345
1982-11-01,1982,11,13.131560873970216,-0.8684391260297826,352.1718393624044,151.088502918863,13.875531068869613,6.412425469299618,8.597758085252398
1982-12-01,1982,12,13.83413815774679,-0.1658618422532107,350.82763435895544,156.6802256771642,15.438300419743944,6.39319380163583,8.840305469520661
1983-01-01,1983,1,14.750831704326783,0.7508317043267834,350.3558113701253,161.002976387089,17.723218066077557,6.460823832722241,8.740700910379783
1983-02-01,1983,2,15.650066920434702,1.6500669204347016,350.2118275449358,166.90199592282457,19.836059631571725,6.468587050000113,9.260080610464277
1983-03-01,1983,3,16.66524791508516,2.6652479150851605,349.85561953318745,169.68455422808717,19.423469982092804,6.461204447989628,9.070195454997744
1983-04-01,1983,4,16.806158796664267,2.806158796664267,351.9030669415141,169.1056081581011,18.994116813945976,6.461368330913319,8.706183093815806
1983-05-01,1983,5,16.382080459794885,2.382080459794885,353.1073385858783,164.2359280239584,17.590330570084042,6.467155114484591,8.802547225133246
1983-06-01,1983,6,15.681644801306271,1.6816448013062733,353.8582555193826,152.71662314423253,15.54001710789843,6.450464696707195,9.311765929362837
1983-07-01,1983,7,14.646581667138951,0.6465816671389515,356.813591010647,156.54251288192071,13.843826682351676,6.454431698671483,9.400331564401736
1983-08-01,1983,8,13.852023869984643,-0.1479761300153548,356.0008248935354,150.63906391812745,12.685639849437592,6.467445437360157,9.250558471988803
1983-09-01,1983,9,13.099665319404398,-0.9003346805956021,356.6228272477874,149.5678407926947,11.412999930032989,6.4609806528813385,8.669990797579278
1983-10-01,1983,10,12.877324132875987,-1.122675867124011,354.0821755796587,148.41716935703002,11.666323643053842,6.474304738461393,8.983692575847579
1983-11-01,1983,11,13.042213531653726,-0.9577864683462742,353.2329148845768,151.4277779236978,14.19196263071966,6.456840144032314,9.122064201202924
1983-12-01,1983,12,13.942050336298957,-0.057949663701045,350.7779514204947,156.54596220433024,15.713820768897326,6.465702108133275,9.704341190074311
1984-01-01,1984,1,14.892413731386895,0.8924137313868972,353.0407054655141,162.62912748228,17.572066462636233,6.515706917304664,9.533834292979371
1984-02-01,1984,2,15.829312681180651,1.829312681180653,352.12721004095533,168.1469130475441,18.93712520108829,6.508670820136676,9.08537447357062
1984-03-01,1984,3,16.44998556140704,2.44998556140704,352.95916614684023,170.94707215209934,19.3265976604637,6.523604831127833,9.50420015812956
1984-04-01,1984,4,16.69504068254055,2.695040682540551,352.92324977738747,170.96382126931857,19.193697378739504,6.516858274973562,9.762658695887072
1984-05-01,1984,5,16.593529229215022,2.5935292292150223,354.6253801826948,163.83139307010362,17.35343668362058,6.507132814076196,9.38178658292082
1984-06-01,1984,6,15.83786659096618,1.8378665909661809,356.2689294306762,160.7222497138655,15.817778178814796,6.51948612012012,9.405870785118802
1984-07-01,1984,7,14.619874239151429,0.6198742391514269,357.9385956257553,154.48176350271137,14.08256552801707,6.520841021543461,9.53309555099451
1984-08-01,1984,8,13.877591692008066,-0.1224083079919342,358.4649656744125,146.95705325298303,12.252249005384469,6.522750824899808,9.37077182632524
1984-09-01,1984,9,13.078487677364372,-0.9215123226356284,357.8004725779136,149.88179572054523,11.960269428702729,6.521495650964978,9.49490569515915
1984-10-01,1984,10,12.908741503395827,-1.0912584966041727,356.45203705397546,148.3335949549791,12.17416667974681,6.524648455923085,9.33282015870053
1984-11-01,1984,11,13.17045057727372,-0.8295494227262807,354.4260435468158,156.01010487004388,14.024719205963525,6.5276271778042645,9.527751653320529
1984-12-01,1984,12,13.8672682920609,-0.132731707939099,352.9003627288075,159.92644882932015,15.891800968251198,6.515369241152583,9.406548250049909
1985-01-01,1985,1,14.90932140591255,0.90932140591255,353.82522579277685,170.98632630343832,18.128668249274096,6.558288346079827,9.690706062447973
1985-02-01,1985,2,15.790547413385337,1.790547413385335,353.23377713023586,171.28009022465247,18.93711581081946,6.571548382438703,9.937667456580307
1985-03-01,1985,3,16.744076772225217,2.744076772225217,354.4853632369515,170.9167537873344,19.827024961064723,6.567774071074629,9.756476804094612
1985-04-01,1985,4,16.815938665819548,2.815938665819548,354.57132082385584,172.0688976802861,19.081799784695335,6.575086459180355,9.97642172596267
1985-05-01,1985,5,16.61747209648119,2.6174720964811904,356.47763999282495,169.38119733282366,17.8875858948916,6.582679784719304,9.512815359072489
1985-06-01,1985,6,15.925723412029376,1.925723412029376,357.4979527185689,163.0589353271963,15.59896268703881,6.573926999363256,9.79020644753282
1985-07-01,1985,7,14.733181070894988,0.7331810708949877,358.5994069244736,160.24288179909897,13.967506037059078,6.5591514386073255,9.902503547212593
1985-08-01,1985,8,13.813113287969568,-0.1868867120304322,358.8663892064025,155.141923637771,12.308221126284405,6.566669223936312,9.797789331708143
1985-09-01,1985,9,13.120437767790143,-0.8795622322098549,358.41343207172844,150.14489940248458,11.494162542846528,6.578723537017595,9.58639316644596
1985-10-01,1985,10,12.679615013089034,-1.320384986910966,357.5339170566691,153.89712180362383,12.247243350522474,6.578307936838757,9.893526571558237
1985-11-01,1985,11,13.06719132791228,-0.9328086720877202,355.8278397390227,161.8859019825963,13.713328493842097,6.581125203582972,9.457151939679267
1985-12-01,1985,12,13.824907306209338,-0.1750926937906616,354.85842297113976,161.14748306934789,15.50649831429545,6.558364910719915,9.466878837191018
1986-01-01,1986,1,14.781403305432535,0.7814033054325353,355.24970236028014,169.84547480269444,17.460391194000273,6.618327606918907,10.006347433255318
1986-02-01,1986,2,15.761228340041896,1.761228340041896,354.8305838544097,173.2719373996519,19.04400591444409,6.632906050725663,10.167852795829766
1986-03-01,1986,3,16.636131355202625,2.6361313552026253,355.3494069275531,177.8686719276066,19.62236145825499,6.635041602031135,10.257846530835236
1986-04-01,1986,4,16.712671645938222,2.7126716459382223,357.0736674956907,173.1899232434852,19.2274721264185,6.627495088775576,10.451591593146478
1986-05-01,1986,5,16.437472679607186,2.437472679607186,357.33507220802795,170.88973058345974,18.010424268550917,6.615859907262594,9.879713742669246
1986-06-01,1986,6,15.70772784299044,1.7077278429904386,360.24293224513667,168.0494899989233,15.687637513644452,6.643859955380872,10.140308144412328
1986-07-01,1986,7,14.85473485601816,0.85473485601816,360.3884453897715,160.55692348498212,13.57200619804478,6.623050984279113,10.27066355968871
1986-08-01,1986,8,13.846180347757151,-0.1538196522428485,361.5277282962452,154.93386293204767,11.6360083710319,6.625714847482273,9.936399739456268
1986-09-01,1986,9,13.083404788318692,-0.916595211681308,360.5494617962482,154.09445675819268,12.195461829790766,6.628521853464076,10.105823531177816
1986-10-01,1986,10,12.879135511398427,-1.1208644886015726,359.5704830993295,152.10993004751708,12.02321214275861,6.621320841979286,10.173502449691696
1986-11-01,1986,11,13.035617431515757,-0.9643825684842452,357.6265411843346,157.89573877405292,13.48830995067777,6.6190222351882015,10.26195631146365
1986-12-01,1986,12,13.736370977863348,-0.2636290221366533,356.41214764094747,166.2567963563283,15.944737722209515,6.623941816613012,10.01883294115866
1987-01-01,1987,1,14.6160726528571,0.6160726528571008,357.19749880589643,171.92271144772818,18.18180596005765,6.683161342599528,10.703053809729749
1987-02-01,1987,2,15.801293483218815,1.8012934832188154,357.08750136845686,179.30990836242736,19.571633377255832,6.694392672305319,10.419755882822464
1987-03-01,1987,3,16.58933901428301,2.5893390142830093,356.5058034582243,179.01526297971864,19.86361461060743,6.671810985618102,10.101544554484152
1987-04-01,1987,4,16.82648092890731,2.8264809289073085,358.51969232241885,178.5358233695997,19.06884790107679,6.696536329516034,10.914567207056118
1987-05-01,1987,5,16.647656053322304,2.6476560533223044,359.8653174919309,173.57125251910904,17.033097231910233,6.652502904865609,10.232260435466896
1987-06-01,1987,6,15.89654727919772,1.896547279197721,360.9841863382104,171.46177843394696,15.692015250465344,6.674144833492783,10.608225877251511
1987-07-01,1987,7,14.810837472731045,0.810837472731043,362.5317526964456,163.06031310206455,14.08385805201331,6.696151057312559,10.428994497123842
1987-08-01,1987,8,13.826612414332304,-0.1733875856676974,362.8883133004009,162.20331871829856,12.055596265874312,6.694871206123632,10.617432894394334
1987-09-01,1987,9,13.046302820093311,-0.9536971799066888,362.1561577720132,156.02949441616923,11.915417355026989,6.672078239664999,10.589840096734784
1987-10-01,1987,10,12.774002926621508,-1.2259970733784922,361.7446888147273,164.92853313212274,12.07733260293892,6.651690278360151,10.634086091938492
1987-11-01,1987,11,13.13268630727825,-0.8673136927217495,358.9611084593257,162.0834514953253,13.701254839450923,6.680716239254681,11.085053813174856
1987-12-01,1987,12,13.928037166483737,-0.0719628335162649,357.1352458024465,167.05326940546027,15.893075598292755,6.66797702033192,10.269668795134644
1988-01-01,1988,1,15.013924327972228,1.0139243279722263,359.28048715298985,178.0754276170029,18.042750524395032,6.732338976057128,10.57435576286898
1988-02-01,1988,2,15.851746694071418,1.8517466940714176,357.9517715872731,181.59366123491336,18.676685929094493,6.7315812155451855,10.46347282855047
1988-03-01,1988,3,16.54779572259359,2.547795722593591,359.50006675380695,180.41021392048583,19.706479739118937,6.741070993834165,10.570641989302318
1988-04-01,1988,4,16.76725573232832,2.76725573232832,359.9468429936607,178.77250397029528,18.831287430267903,6.735367900406503,10.883586808451849
1988-05-01,1988,5,16.693319363638672,2.693319363638672,360.9824777656296,175.5325406586858,17.96037298541773,6.742556873995055,10.393125024500584
1988-06-01,1988,6,15.789124843770724,1.7891248437707254,362.21361775839154,169.7874123143227,15.441591555762958,6.734196085513105,11.145486694983788
1988-07-01,1988,7,14.985382275484104,0.9853822754841044,364.0006770447226,166.36442477174762,13.312688476364356,6.741586364585874,11.119809932960752
1988-08-01,1988,8,13.662539280081493,-0.3374607199185089,363.5272011864248,166.6476770865457,11.87047535216452,6.726472857222501,10.60996142567685
1988-09-01,1988,9,13.134504245903786,-0.865495754096214,363.438559101303,162.0748994900718,11.87594547727632,6.7319627343995725,10.597232068650491
1988-10-01,1988,10,12.907528855129272,-1.0924711448707267,362.8640068457432,162.08205205066355,12.0978783421363,6.750663270497285,10.585448931685423
1988-11-01,1988,11,13.011079169219151,-0.9889208307808488,361.1092832069969,167.6965780887639,13.314227190644266,6.735781725841552,10.66904531426206
1988-12-01,1988,12,13.859070051285263,-0.140929948714735,359.8403404727895,168.74242714174002,15.626510873656102,6.720041873078372,11.11750302783478
1989-01-01,1989,1,14.645568611030338,0.6455686110303382,360.2096765736319,179.73573585229155,17.430924079854105,6.7842874142694924,11.318441546889908
1989-02-01,1989,2,15.838547448347796,1.8385474483477944,359.7897768914594,182.46203908773236,18.682090457485774,6.791407163799439,11.26146948886178
1989-03-01,1989,3,16.366317204165593,2.3663172041655933,359.1775488540473,179.54444099947057,19.751162262417083,6.796402485260644,11.31563486657055
1989-04-01,1989,4,16.766274395478998,2.766274395478998,361.2630642145595,183.0534865891377,19.03731988368664,6.778928753296386,11.44101673805727
1989-05-01,1989,5,16.55457492897225,2.554574928972251,362.81388632125504,177.5287552450584,17.596019051878006,6.7938017268644,11.379535989047842
1989-06-01,1989,6,15.877816011213325,1.8778160112133249,363.3989338739656,174.13863464589662,15.44324238213136,6.780602282473322,11.188828136315657
1989-07-01,1989,7,15.090220937186071,1.0902209371860732,364.4411442003648,164.22049612279898,13.899779462592129,6.784963645556752,11.207096424887109
1989-08-01,1989,8,13.795897920307004,-0.2041020796929959,365.8262844375696,166.84779175016257,12.241803144049928,6.77402330975587,11.67198788790936
1989-09-01,1989,9,13.15298657022594,-0.8470134297740604,365.43255687775576,162.22572794556672,11.504992695871822,6.787768221382511,11.547468553611548
1989-10-01,1989,10,12.8133509709658,-1.1866490290342,363.740517416547,161.34950424583712,11.331360157031964,6.781758881339632,11.090903691866371
1989-11-01,1989,11,12.97282625154551,-1.0271737484544907,364.2021362024553,167.86766994563985,13.096110996803429,6.78282211700739,11.43467539179935
1989-12-01,1989,12,13.996115674237007,-0.003884325762991,361.4708352430887,173.49666313069142,15.156572978747857,6.780346801809423,11.7305278296069
1990-01-01,1990,1,14.83422598609821,0.8342259860982093,361.5813385573662,179.63480075815772,17.191753620697707,6.817170344664667,12.107200146696252
1990-02-01,1990,2,15.857336842720205,1.857336842720203,361.3446022394044,187.45494691681716,18.8795787224251,6.830358718256417,11.915208060468643
1990-03-01,1990,3,16.566254189962365,2.5662541899623648,360.8567552730864,188.04251490031825,18.988725723639824,6.814986826091786,11.542001182393635
1990-04-01,1990,4,16.80890519598135,2.8089051959813496,363.5550218089501,185.4836623596132,18.662096877946176,6.834821378682808,11.402754042440854
1990-05-01,1990,5,16.62594344261103,2.625943442611032,364.33022240462543,181.59476917024716,17.785616524869987,6.822359124990553,11.377656885007903
1990-06-01,1990,6,15.951641942292392,1.951641942292392,366.0282037870802,175.57995220020547,15.364180998970964,6.84334823098615,11.67160808252326
1990-07-01,1990,7,14.813266291378072,0.8132662913780724,367.6350803321916,168.96040369997837,13.588590951262775,6.838733226262109,11.727322868644965
1990-08-01,1990,8,13.925262661889716,-0.0747373381102836,366.795900348918,165.8055269672014,12.853963559986278,6.835645130201728,11.839146582422757
1990-09-01,1990,9,13.124438615946364,-0.8755613840536363,366.3350910164376,163.41824212526404,11.48554058456024,6.8365082103987,11.970382446485228
1990-10-01,1990,10,12.81830490240194,-1.181695097598059,367.02903153414405,166.74947211694143,12.02645165749059,6.826068768181154,11.295107376397972
1990-11-01,1990,11,13.180412485955918,-0.8195875140440823,363.494740924748,173.7353743420717,13.181853736597338,6.8490568382693,11.457009298535874
1990-12-01,1990,12,13.93876140325686,-0.0612385967431414,361.7675442275754,172.7363429250198,15.539802009065394,6.826904018710127,11.64638741689276
1991-01-01,1991,1,14.900754104192655,0.9007541041926572,364.4739817861334,181.9251675823696,17.53230507250251,6.864396355300049,11.714306630046924
1991-02-01,1991,2,15.882783161030192,1.882783161030192,363.2481256923459,185.80662249595665,18.82648284913776,6.876055999232795,12.11716043509722
1991-03-01,1991,3,16.631233440311853,2.6312334403118527,363.2569703406173,189.95961666002611,20.067816714618456,6.888228831392058,12.321718064871655
1991-04-01,1991,4,16.74290240245704,2.742902402457041,364.3631341945823,186.7003220226455,18.61513918203922,6.855361043348954,12.0067669137538
1991-05-01,1991,5,16.61229543596549,2.612295435965489,365.9591112225341,186.3110049149232,17.540823153490116,6.877099722472564,11.62032453064775
1991-06-01,1991,6,15.881610481820868,1.881610481820868,367.1169473195778,180.7865166609551,14.861197243088233,6.865007915986998,11.94821193807567
1991-07-01,1991,7,14.893373070139662,0.8933730701396616,368.6212641522476,171.934913218598,13.453052954596098,6.882255946210022,12.25504441865082
1991-08-01,1991,8,13.885393528462686,-0.1146064715373142,367.5114318345368,167.98076478761766,12.044002795520006,6.879369135287453,12.27302722061482
1991-09-01,1991,9,13.0651888916135,-0.9348111083864996,368.81554086942657,169.65845792129184,11.213589446980986,6.887624832486631,11.864435088008015
1991-10-01,1991,10,12.898588262251971,-1.1014117377480268,367.69968828168135,170.37484010508032,12.121604060685591,6.885644582728509,12.111719138234069
1991-11-01,1991,11,13.17978878617992,-0.8202112138200786,364.8051024679045,173.4888339501251,13.154008496940024,6.88963581554657,12.080934301291206
1991-12-01,1991,12,14.034175776250224,0.0341757762502243,363.7822660932357,178.0139996796552,15.282761132090767,6.873094736554583,11.941900352740664
1992-01-01,1992,1,14.848810771282302,0.8488107712823023,364.61600443125343,184.5584581789101,17.701701249581827,6.916487098650839,12.530527582219978
1992-02-01,1992,2,15.72223448821905,1.7222344882190497,364.4461082996912,191.30288596541675,18.52307864475476,6.926383361793039,12.422977681835082
1992-03-01,1992,3,16.492867824718807,2.4928678247188074,365.3777087586438,192.9658770307197,18.947099777194214,6.930014629690069,12.137348277102696
1992-04-01,1992,4,16.84055320166144,2.8405532016614394,366.2297029992162,190.08754020133296,19.20483856219256,6.92918217501807,12.480326308356096
1992-05-01,1992,5,16.613988512831337,2.6139885128313374,368.1376450135959,186.46938464936449,17.237521457505007,6.915350105289726,12.805662985562863
1992-06-01,1992,6,15.867813301952475,1.8678133019524767,369.1184594663969,175.6904718820686,14.862043001408914,6.933560079760725,12.490200955450458
1992-07-01,1992,7,15.088551686841445,1.0885516868414449,371.0591643101037,178.08868634628314,13.32460902607304,6.948191333638785,12.587847255378982
1992-08-01,1992,8,13.871579427710328,-0.1284205722896718,370.43356412731936,174.1892166199092,12.24848289368148,6.927829577375904,12.450132120427442
1992-09-01,1992,9,13.234725722181972,-0.7652742778180279,369.4728244271722,168.78750023284317,11.102649648277405,6.928082427980396,12.306074784214628
1992-10-01,1992,10,13.031833980726615,-0.9681660192733847,369.8095497140299,169.6307720198708,12.05460904155152,6.921105251472446,12.368081161772851
1992-11-01,1992,11,13.130076053285883,-0.8699239467141151,368.0682333241535,174.5743049571253,13.402018143446234,6.9105663944448406,12.644887390876589
1992-12-01,1992,12,13.833414816646185,-0.1665851833538152,366.1110285034144,179.9900505582853,15.628930422865848,6.91223693862134,12.32112958152681
1993-01-01,1993,1,14.901917094143148,0.9019170941431476,366.6132012533539,190.0703424226642,17.283427329188854,6.975308154301084,13.236637443793889
1993-02-01,1993,2,15.998199482976244,1.9981994829762453,366.25750085806703,193.22159355336296,19.09972684996698,6.985059031736098,13.018197510449456
1993-03-01,1993,3,16.672141112622295,2.672141112622296,366.1880040074586,197.2053918471165,18.956718709722477,6.968236306266582,13.030386713929229
1993-04-01,1993,4,16.860671623099748,2.860671623099748,367.2590155014431,193.759216930978,18.650438244293245,6.956672041036972,12.864117616582696
1993-05-01,1993,5,16.65860049575486,2.658600495754861,368.8632904312309,191.35033670632097,17.435776559406715,6.975969539962719,13.12533239377043
1993-06-01,1993,6,15.725838708858126,1.7258387088581255,370.33614227764497,182.27368532637064,15.75174147079622,6.975704182112983,13.033300633112123
1993-07-01,1993,7,14.907763048666055,0.9077630486660552,372.4841195533658,181.6043815423997,13.756713785560654,6.976407981180052,13.01895432706211
1993-08-01,1993,8,13.932388804377096,-0.0676111956229039,372.4000804793699,175.3925744170803,11.842977660674308,6.966922129583333,12.705660498601022
1993-09-01,1993,9,13.029033079509148,-0.9709669204908522,370.0477269924871,174.45212804972056,11.473622230926305,6.965125173399184,13.150315015101388
1993-10-01,1993,10,12.964973683309278,-1.035026316690722,370.65948272399794,177.43724498102236,12.202927400033772,6.965901830290354,12.635078804450863
1993-11-01,1993,11,13.289082692512537,-0.7109173074874651,369.2822209115235,180.3473511426272,13.183411414244146,6.970517411720593,12.430349375656712
1993-12-01,1993,12,14.014345355751644,0.0143453557516437,367.8288811952639,184.77486922818144,14.965760887226333,6.971414226350803,13.177977074197743
1994-01-01,1994,1,14.889159891498952,0.8891598914989522,367.8201502119024,193.2462975432046,17.18534987553801,7.010916868263391,13.52189799935432
1994-02-01,1994,2,15.891181169411386,1.8911811694113856,368.3686191103017,198.0276523624255,18.91062841938176,6.993762288884321,13.1873864609234
1994-03-01,1994,3,16.67261623786717,2.672616237867171,367.8158310593752,193.16793080139783,19.184810985989568,6.995564748782211,13.52080914409378
1994-04-01,1994,4,17.022448204381465,3.0224482043814653,368.8320706345624,192.990088826556,17.827601835946925,7.016432869286185,13.156961486422848
1994-05-01,1994,5,16.480016838325206,2.4800168383252057,371.0481014019192,192.60538955931403,17.364492995654494,7.012360016928229,13.483074338584492
1994-06-01,1994,6,15.9098834710326,1.9098834710326005,372.73719382624114,190.78818924518524,15.06517956077955,7.038704304300961,13.390663396669192
1994-07-01,1994,7,14.877683372019964,0.8776833720199626,373.3266068927916,183.8893438433213,13.12010776842045,7.031725271200752,13.657528329242478
1994-08-01,1994,8,13.889498818834916,-0.110501181165084,373.1192845510916,182.28139716682776,11.273606450129977,7.0092011917612185,13.370431484649982
1994-09-01,1994,9,13.080028448889646,-0.919971551110354,373.1263345840935,176.82396761141644,11.518067084855645,7.018878510319837,13.507446311884436
1994-10-01,1994,10,13.0234952250058,-0.9765047749941989,372.97627531399934,173.85309915014082,11.167219099828555,6.991732026935602,13.649603044717686
1994-11-01,1994,11,13.164631827904415,-0.835368172095583,370.31570625124806,184.8799586796796,12.868638825620792,7.027806520501783,13.19440449424356
1994-12-01,1994,12,13.997765332481952,-0.0022346675180475,368.4730718348578,189.31878917011025,15.298371672748251,7.016726317389504,13.289602854931736
1995-01-01,1995,1,14.822561408963695,0.822561408963697,370.031033136685,195.57139664892856,17.18578237907343,7.052945011713307,13.804384972071713
1995-02-01,1995,2,15.95500715558649,1.9550071555864896,369.4928290127572,201.12284469524909,18.844351233406663,7.062127964764155,13.784916885910365
1995-03-01,1995,3,16.51031119481361,2.5103111948136103,369.7466015596967,200.47910738648392,19.79895066013009,7.016408454181042,14.08063201465197
1995-04-01,1995,4,17.127857831600494,3.127857831600494,370.4051815275619,196.79686716972844,18.86096627405437,7.046490514822631,13.54751118616582
1995-05-01,1995,5,16.602921849013814,2.602921849013814,372.371468598847,195.4733808566804,17.392687239790405,7.07169964457289,14.169773784786289
1995-06-01,1995,6,16.17926837049735,2.1792683704973506,374.2686130778991,188.17742623465864,15.350325068656312,7.054676761235638,14.065252892412548
1995-07-01,1995,7,14.958159828880609,0.9581598288806088,374.9281492199561,184.78745522727544,13.166459082457614,7.061842058818504,14.147793908660836
1995-08-01,1995,8,13.741786229444866,-0.2582137705551339,375.1526677157048,174.34719341255646,11.46096941947748,7.0510130139840825,14.130232276324962
1995-09-01,1995,9,13.217473463402005,-0.7825265365979952,374.016572201392,180.78001936652672,11.372775838297072,7.056617195826875,14.062299854002816
1995-10-01,1995,10,12.894233476634083,-1.105766523365915,372.9280714489947,180.6547045945547,11.393810949179269,7.063012045885143,14.185416245064602
1995-11-01,1995,11,13.214397997748176,-0.7856020022518244,372.74172724483685,185.9065567900053,13.07490518618546,7.045150222270383,14.109649148331735
1995-12-01,1995,12,13.874944690868531,-0.1250553091314685,370.8599943825317,191.33056019997247,15.334124968642616,7.045158303799258,14.023112527961262
1996-01-01,1996,1,14.848591884525934,0.8485918845259341,371.4318274261419,198.6089797912482,17.628992926639143,7.1009471789301655,14.377775155755824
1996-02-01,1996,2,15.65063145548588,1.6506314554858807,371.41570978717766,203.3235056396541,18.717505732760177,7.082650629950812,14.210319697685405
1996-03-01,1996,3,16.863293980941997,2.8632939809419966,370.7415811314014,201.7246345387161,19.128899951480275,7.113770601849263,14.22520971205797
1996-04-01,1996,4,17.10385005361567,3.1038500536156697,372.96355750194346,201.91527851365265,18.991113287876505,7.094957910829755,14.335459336022463
1996-05-01,1996,5,16.641759694413118,2.6417596944131176,374.10712774638654,196.05847735981857,16.764792374344797,7.086603707749498,14.151073106721846
1996-06-01,1996,6,15.851080321991548,1.851080321991548,375.4342792437767,194.7577222136389,15.07599225115053,7.085046175955887,14.495229865124694
1996-07-01,1996,7,15.071355739740074,1.071355739740074,377.0037404991235,187.5781497738048,13.03805168333522,7.104260815553696,14.101044415501171
1996-08-01,1996,8,13.959079478510423,-0.0409205214895749,377.041300917304,185.1660330262649,11.289434558844222,7.093425814490756,14.185879391021835
1996-09-01,1996,9,13.129430158686798,-0.8705698413132019,377.4409069632647,180.5995148010248,11.055053131873915,7.097737329974008,14.068288426975435
1996-10-01,1996,10,12.857125801465012,-1.1428741985349884,374.3752477003284,183.727570183822,11.78520502923189,7.094909609468533,14.23235567475554
1996-11-01,1996,11,13.294042012189148,-0.7059579878108515,373.7111255336822,189.11113973757415,12.821054306358766,7.10132991263025,14.462114130073536
1996-12-01,1996,12,13.885373749785218,-0.1146262502147816,372.05490044927166,189.1809937682192,14.818410049224632,7.072929552259062,14.352946101513565
1997-01-01,1997,1,14.98951835789172,0.9895183578917202,373.18152079065953,199.13969648345525,17.048605237343484,7.142055337727837,15.041274295820584
1997-02-01,1997,2,15.99527749516531,1.9952774951653092,372.80017626818966,202.33276163313784,18.636606729861427,7.138421187490168,14.679103778798046
1997-03-01,1997,3,16.39552237836987,2.3955223783698685,373.2265375056717,208.2349555363757,19.1400950817546,7.129779109368524,15.028018101514254
1997-04-01,1997,4,16.899795993674346,2.8997959936743456,373.6990939372552,201.9450121024149,18.30640929158228,7.11593876918687,14.993947385955924
1997-05-01,1997,5,16.697945534477473,2.6979455344774728,375.9659587148647,202.06125456841676,16.81019702967105,7.134096312281135,15.068558252187914
1997-06-01,1997,6,15.816456409359343,1.8164564093593447,377.4805699369154,194.05007650775497,15.041011789455762,7.124530354996278,14.820749536392118
1997-07-01,1997,7,14.751658428004788,0.751658428004788,379.1751257250704,186.58095997826973,13.02395728169935,7.137561193573537,14.90009859643765
1997-08-01,1997,8,13.919993605835934,-0.0800063941640658,379.8610826782785,187.7369313055831,11.86785843215626,7.148782926924849,14.72517944255431
1997-09-01,1997,9,13.163579380607173,-0.836420619392829,377.6564826173763,184.76733271850543,10.778129749451272,7.143104626162791,14.832836598390957
1997-10-01,1997,10,12.840779097170868,-1.1592209028291318,376.1662490763952,186.4324459409962,11.132662300266478,7.1334203382864905,14.962495535265251
1997-11-01,1997,11,13.177123938468515,-0.8228760615314847,375.149917786884,191.49543424740244,13.292139588500737,7.146517303298498,15.089763172933482
1997-12-01,1997,12,13.83727667303066,-0.1627233269693402,374.3782418654443,195.71792803967497,15.142461034391124,7.122208142278873,15.02561590287249
1998-01-01,1998,1,15.00737434612473,1.007374346124729,373.93212180798986,201.95663994821967,16.687209206210692,7.180449016143353,15.041228252355271
1998-02-01,1998,2,15.999486863610748,1.9994868636107483,373.6596379518118,208.54729665979687,18.29029189833241,7.183300800579535,15.269763766238842
1998-03-01,1998,3,16.666614018731437,2.666614018731437,374.1132718123075,212.03803562137367,18.84825256072516,7.156144117617275,15.39224891575268
1998-04-01,1998,4,16.80308373218261,2.8030837321826105,376.0262925998098,206.48602107221785,18.348885090404263,7.152186100840495,15.635128732628012
1998-05-01,1998,5,16.73793737070815,2.737937370708149,377.17518944797325,204.62104937186504,16.96380680035511,7.168583308467219,15.710512562413344
1998-06-01,1998,6,15.969583450479028,1.9695834504790264,378.7640518877973,198.6790698999043,15.378349240666193,7.1718557064855055,15.912018938565511
1998-07-01,1998,7,14.729445307970863,0.7294453079708649,379.6318844560464,196.6658560993216,13.38935081089953,7.177499218103873,15.316885209996997
1998-08-01,1998,8,14.091424765026789,0.0914247650267885,379.3979736544376,187.75155567843788,11.278614440248996,7.161962065183361,15.422340559187123
1998-09-01,1998,9,13.090623628040287,-0.9093763719597128,379.5493497919552,189.07213062531727,11.26879892392042,7.1647534910256025,15.144853132251956
1998-10-01,1998,10,12.794322693748338,-1.205677306251662,378.7578437937883,189.44677847673063,11.77489097475865,7.156441193370647,15.350740181974306
1998-11-01,1998,11,13.369333603682923,-0.6306663963170767,377.4482416985229,194.40855348356985,12.991201320437726,7.167228879919137,15.242380859637471
1998-12-01,1998,12,13.87303107471004,-0.1269689252899599,375.5845344124895,204.0578292830681,14.749479232205935,7.16138821271234,15.18079775274056
1999-01-01,1999,1,15.033605386475616,1.0336053864756174,375.9216946228023,205.11816035219056,17.115506317180333,7.2127217383734,15.963293906556698
1999-02-01,1999,2,15.88901158878224,1.889011588782239,375.9966312503001,213.50120440171852,18.29260367520465,7.199135287052008,15.809366740722815
1999-03-01,1999,3,16.770072542333978,2.7700725423339776,375.22651259271,210.59500819666863,19.167594122938745,7.2076299976497635,16.29269387931437
1999-04-01,1999,4,17.01780704409613,3.0178070440961307,377.0655650843965,210.0774642483576,18.119586362627523,7.216263417098966,15.801154897832957
1999-05-01,1999,5,16.67680540669929,2.676805406699291,379.02274567920045,207.4125451593405,17.00558841103508,7.181102103442307,15.736443542128209
1999-06-01,1999,6,15.969070647648785,1.969070647648783,379.1654214963109,202.7752304839412,15.121007168690086,7.19985393390316,15.994216547280622
1999-07-01,1999,7,14.9452488834235,0.9452488834234992,381.67435160952914,196.37872269504308,12.494369316103692,7.18980032514282,16.022733285489092
1999-08-01,1999,8,13.728052392507816,-0.2719476074921854,381.7609945379954,190.79029059498865,11.38487859995954,7.210996738518804,16.216114301910373
1999-09-01,1999,9,13.227793744401016,-0.7722062555989826,380.5187147926149,188.32041914969076,11.023085026544107,7.210325875125276,15.80631380668734
1999-10-01,1999,10,12.82972459668028,-1.1702754033197191,380.1036398720609,193.1879479796692,11.476705888447018,7.199337016604176,15.788806964649565
1999-11-01,1999,11,13.244994126509358,-0.7550058734906422,377.83387630643546,196.89233707851275,13.165360915016343,7.184234019761675,15.829170000116946
1999-12-01,1999,12,13.86985949029075,-0.1301405097092498,376.9205472011532,203.53918824185644,15.017299346312631,7.197164584620676,16.24314716609362
2000-01-01,2000,1,15.097410940364403,1.097410940364405,377.084301803155,208.8537535934594,16.76403048553924,7.24025716672282,16.792567644030914
2000-02-01,2000,2,15.83088931777226,1.8308893177722592,377.4208246581406,213.9002505408708,18.491703734841597,7.234605146851148,15.987882228393358
2000-03-01,2000,3,16.783779263607965,2.783779263607965,377.4106176295825,213.5921656193313,19.179842246481147,7.229567985163084,16.5412422144634
2000-04-01,2000,4,16.979149714604166,2.9791497146041657,378.8311610467112,214.38872046260892,18.029854104944903,7.257014915995015,16.785180899979654
2000-05-01,2000,5,16.620495343436755,2.6204953434367546,379.9079501636688,209.73266366198257,16.610921587152923,7.244770961081918,16.418435020862113
2000-06-01,2000,6,15.952650436714684,1.952650436714684,382.8255197108673,202.5334755458504,14.974925601659033,7.233503608333917,16.654789382746134
2000-07-01,2000,7,15.045195544688548,1.045195544688548,382.8826701458592,199.890320382036,12.230731889979412,7.248205069491736,16.44484223800137
2000-08-01,2000,8,14.02396227334121,0.0239622733412101,383.20190246997504,194.80155499546132,11.35255103204287,7.251435498476551,16.145370132204206
2000-09-01,2000,9,13.141082205424048,-0.8589177945759534,383.30398807513865,191.80893526057756,10.955008836928869,7.2412077292035395,16.509591253436277
2000-10-01,2000,10,12.967396383525454,-1.032603616474546,381.69745898636967,196.4189888563873,11.018267422638038,7.224694475268419,16.614171529447006
2000-11-01,2000,11,13.252173382405266,-0.7478266175947343,380.2330888826743,195.12319009731203,12.54253819763552,7.233241943769052,16.357828324881186
2000-12-01,2000,12,13.940999618375626,-0.059000381624374,378.2357686134199,201.62148492974163,15.361777297462137,7.230051871425768,16.53952280480841
2001-01-01,2001,1,15.025541102101483,1.0255411021014833,378.0770258129499,214.04090097170797,17.128571285240085,7.295620976613668,17.022142272731518
2001-02-01,2001,2,16.01745789757617,2.0174578975761683,379.5721901263052,213.3913692133852,18.20028398220978,7.260544608938776,16.89162390015733
2001-03-01,2001,3,16.7983279545943,2.798327954594299,378.745352022057,214.4800094390512,18.89138667299951,7.264649712547055,16.74830714563544
2001-04-01,2001,4,17.044345930079356,3.044345930079356,380.3313166534639,215.17448827724823,17.788276841307617,7.276090387511891,17.1953456640585
2001-05-01,2001,5,16.516792638820473,2.5167926388204727,381.5580454095239,208.3583184007224,16.919233736018437,7.256200345726557,17.1702047431573
2001-06-01,2001,6,16.157967892769808,2.157967892769808,383.2161893519175,208.08596962111983,14.62082352431813,7.271917456256015,17.448186896595686
2001-07-01,2001,7,14.825669362155017,0.8256693621550166,384.618966689012,201.70260346878908,13.346227562661394,7.268635721605247,16.98832944786192
2001-08-01,2001,8,13.78889082116731,-0.2111091788326895,384.8405914092608,200.51407272401016,11.41303303410768,7.2792118231485725,17.217884392432968
2001-09-01,2001,9,13.22939141146252,-0.7706085885374794,384.5029157450699,198.22511793847244,11.09082920439915,7.280440452802207,17.0655914509936
2001-10-01,2001,10,12.94165676165632,-1.0583432383436795,383.2500536207808,198.02077451476276,11.217705825704142,7.273826558007694,17.184818051360796
2001-11-01,2001,11,13.34673966166444,-0.65326033833556,381.4783216756487,203.40146156018227,12.801001347525014,7.264007900454548,17.280961463221796
2001-12-01,2001,12,13.986021139761045,-0.0139788602389554,381.40932391916425,208.33518743785388,15.011125213675149,7.258389766205579,17.267902427272205
2002-01-01,2002,1,15.138495572417296,1.1384955724172965,380.18184712267663,213.6807590712048,17.295387551598626,7.3148178505695,17.632199496072726
2002-02-01,2002,2,15.973574439312666,1.9735744393126653,380.6816943892873,221.99165380078048,18.296823768953782,7.299281265531653,17.77886874937981
2002-03-01,2002,3,16.606666777891103,2.6066667778911032,380.82874762265857,220.22203109674172,19.035318651351,7.297472817821888,17.484633038926784
2002-04-01,2002,4,16.940145331225803,2.9401453312258035,382.0163300754043,214.9720776574586,18.62244982742959,7.307350170209527,17.570408876276016
2002-05-01,2002,5,16.760419946513725,2.760419946513725,383.7360802417716,218.0931605941434,16.731366739367388,7.307211002790042,17.803066406718894
2002-06-01,2002,6,15.9561210460616,1.9561210460615983,384.9788021463399,207.7874221981667,14.590813696763163,7.305079019753813,17.834352528334755
2002-07-01,2002,7,14.952721528107576,0.9527215281075758,386.7044119366432,201.8329077205105,12.885157458015168,7.299542390213744,17.887437511218632
2002-08-01,2002,8,13.996113547507855,-0.0038864524921446,385.5535124300502,200.6301368095968,12.025792039745337,7.302479134376054,17.73445906486222
2002-09-01,2002,9,13.154630845447372,-0.8453691545526283,386.2844141661184,200.1530099669958,10.260653800947656,7.301302338634284,17.882119803153415
2002-10-01,2002,10,12.96677682951328,-1.0332231704867194,384.8767838302033,203.49225107184756,10.6448488446043,7.302527960861371,17.70101814487368
2002-11-01,2002,11,13.258144152483323,-0.7418558475166765,383.2152620558866,205.95129193374956,12.128366695702963,7.295587610121923,17.553138059182874
2002-12-01,2002,12,14.009157392109554,0.0091573921095537,382.04022705043474,206.0746595350317,15.375799459331198,7.300434191917271,17.743463322992543
2003-01-01,2003,1,15.20386266993832,1.203862669938319,382.3460087834944,219.32923602594292,16.436606760124047,7.321206757809914,18.566469938655658
2003-02-01,2003,2,16.047721919073712,2.0477219190737124,382.233626663713,224.6171964172829,18.27318027949084,7.343387467524841,18.36758237981767
2003-03-01,2003,3,16.657812562285976,2.657812562285976,383.139518585808,221.7541880165317,18.55496988977801,7.317424313174157,18.301578397884803
2003-04-01,2003,4,17.0077151498117,3.0077151498116983,383.5013944594568,223.9235531820731,18.28663697376759,7.344865740875715,18.24690936337582
2003-05-01,2003,5,16.821691749259212,2.8216917492592124,384.8325145932597,216.6056795225329,16.745629906029226,7.324749458537496,18.45969069970335
2003-06-01,2003,6,16.08746067541124,2.08746067541124,386.3114379550361,214.21655439669928,14.91287148930796,7.334219998437573,18.242032813656387
2003-07-01,2003,7,14.925069039125017,0.9250690391250168,387.149286132803,206.41874639506395,13.034816122654686,7.3280944752427795,18.02923991415211
2003-08-01,2003,8,13.898282058713002,-0.1017179412869975,387.74593352205153,206.43629406645545,11.479968038550302,7.337542495933457,18.15453062875487
2003-09-01,2003,9,13.396307238699688,-0.6036927613003122,387.0934056672667,204.92118643000464,10.34164258774746,7.330943101139709,18.19297624090397
2003-10-01,2003,10,12.965943076052277,-1.034056923947725,386.08240199140624,206.3465052853312,11.678566188781035,7.32685820742141,18.161391235952543
2003-11-01,2003,11,13.199059928063331,-0.800940071936667,384.933044627765,207.8768267892681,12.48073865765065,7.333280426693064,18.388898533062523
2003-12-01,2003,12,14.13236844612138,0.1323684461213794,382.7471284625349,210.91782796485413,14.45068075208984,7.350844416738654,18.69676597635965
2004-01-01,2004,1,14.984618337615856,0.9846183376158564,384.65998179988105,218.5104909176184,16.825842122781733,7.368731047154256,19.011562640141047
2004-02-01,2004,2,15.856507713963428,1.856507713963428,384.0239222929828,227.66285326720904,17.994939025151794,7.357983416247531,18.957243518088774
2004-03-01,2004,3,16.617708979366327,2.617708979366327,384.2345837631024,224.81024107328,18.532330093046117,7.3765459142449,18.93902942482096
2004-04-01,2004,4,17.128602516620838,3.128602516620837,384.9116607504436,226.04205774257176,17.945305189614007,7.352981972123417,18.811299744505536
2004-05-01,2004,5,16.701459630248372,2.7014596302483724,386.74318653375536,222.5542402456184,16.97053672425264,7.363128822654207,19.231950834772363
2004-06-01,2004,6,16.22243549770562,2.222435497705621,387.798227734948,218.25478016537903,14.675565735116969,7.364076129444749,18.880849518832385
2004-07-01,2004,7,14.835891358621817,0.8358913586218168,389.0681122478832,211.433414714688,12.995481484523143,7.353941725801071,18.745480639562967
2004-08-01,2004,8,14.05766727534467,0.05766727534467,390.731554241841,208.14297603218495,11.665964973151926,7.35436860776095,19.081175824100075
2004-09-01,2004,9,13.291762744769017,-0.7082372552309852,388.8098806310158,205.02045411480228,10.72752165309165,7.372247864723538,18.729834451859126
2004-10-01,2004,10,12.879605440033483,-1.1203945599665168,387.77582234243135,206.73929952128657,11.245099245187395,7.3683886471860705,19.062677096327477
2004-11-01,2004,11,13.020622018935397,-0.979377981064605,386.7475099181577,211.22005895214235,13.085788632386452,7.368567056567894,19.105711279104877
2004-12-01,2004,12,14.124963833317487,0.1249638333174889,384.84750597365695,213.6923193278375,14.740061934383096,7.335159672251386,19.276715148090783
2005-01-01,2005,1,15.026238194525064,1.0262381945250638,386.0244377304487,223.71131839285405,16.889050183787155,7.398911792388192,19.65259335052133
2005-02-01,2005,2,16.043472409800092,2.043472409800092,385.0671937502805,229.77783973005984,18.36727121015932,7.39545197506834,19.680881224437023
2005-03-01,2005,3,16.82741189765766,2.8274118976576617,385.6144765890092,229.73793419747287,18.800626901415583,7.398723411299791,19.73577429035731
2005-04-01,2005,4,17.012823321747245,3.012823321747245,387.19688565039695,229.20218925504255,18.37690469375863,7.380131463894259,19.965610497402004
2005-05-01,2005,5,16.831428153078935,2.831428153078935,387.62806001123136,224.47296599605204,16.910571031212555,7.387479080370534,19.75485648195353
2005-06-01,2005,6,16.032424327937328,2.032424327937328,389.82764111678193,221.1674198020482,14.812895079759633,7.401861551099243,19.773177177791585
2005-07-01,2005,7,15.098846615435075,1.0988466154350751,389.8476850081505,216.6880780840793,12.649930144656349,7.388177806437801,19.61673515069295
2005-08-01,2005,8,14.177989281758864,0.1779892817588635,390.7148605391204,209.45458530986016,11.03265116427939,7.387496783325211,19.996193982683437
2005-09-01,2005,9,13.2668048972956,-0.7331951027043999,391.414093854041,209.18597507489676,11.149378380476977,7.387091842848735,19.827904614208947
2005-10-01,2005,10,13.057643975894496,-0.9423560241055052,389.53950026211794,213.188302338336,10.956290228592366,7.384259972594527,19.45728753286616
2005-11-01,2005,11,13.256319835776733,-0.7436801642232691,387.9750490368088,214.9553443870852,13.04433141839019,7.389509646847579,19.79311741674976
2005-12-01,2005,12,13.981035744890235,-0.0189642551097648,386.4975970500996,216.64653677463775,14.716702970588765,7.384844967765331,19.68154563754493
2006-01-01,2006,1,15.11524975369219,1.11524975369219,387.13152332843646,226.79301241199988,16.615105479232525,7.417390012461601,20.052273833916004
2006-02-01,2006,2,16.034676491292768,2.0346764912927675,386.9162789649644,229.52881722109225,18.19682743880274,7.423915402083003,20.42515697353364
2006-03-01,2006,3,16.68618470390742,2.6861847039074185,386.3602536287755,229.942063483389,19.16819074227388,7.414413952571293,20.545771851642044
2006-04-01,2006,4,16.89305013467218,2.89305013467218,388.24874865908913,230.30411875993457,18.01693369602756,7.42181316358413,20.735968041966164
2006-05-01,2006,5,16.63487591374574,2.6348759137457414,388.81170129913767,229.0405795624715,16.585688599926545,7.41440218824552,20.17609814220668
2006-06-01,2006,6,16.00257437561088,2.0025743756108803,390.55059813074587,222.7954326904685,14.732447404998243,7.40595880521499,20.759449328828428
2006-07-01,2006,7,14.79183634652208,0.7918363465220786,392.8494724051191,213.49756306149357,13.010225939437994,7.414685984353344,20.46856067585139
2006-08-01,2006,8,13.894157189211787,-0.1058428107882125,392.46106197952497,214.90223102770076,10.57383768970807,7.429524637730727,20.10314970479953
2006-09-01,2006,9,13.211858126110936,-0.7881418738890638,392.17164098458016,206.0521121975344,10.71288837060198,7.427962911494675,20.630862452998063
2006-10-01,2006,10,13.078964344661488,-0.9210356553385122,390.1548237554066,212.0054031863524,11.192768498839415,7.414019327442356,20.539215548554672
2006-11-01,2006,11,13.34296906096387,-0.6570309390361295,390.22768197535385,212.8314995231323,12.459484145868158,7.408424719464092,20.6328828407909
2006-12-01,2006,12,13.894726405330903,-0.1052735946690948,389.1983568257813,221.31968040456053,14.644880715328,7.425448531609085,20.35800427344688
2007-01-01,2007,1,14.880632391670073,0.8806323916700727,388.8245920384719,227.65916409642804,16.263121186392116,7.4278498642036,21.539091579871908
2007-02-01,2007,2,16.098784879999897,2.098784879999897,388.2644349645911,230.30210406092863,18.01368371295552,7.439445302837729,21.172867214592078
2007-03-01,2007,3,16.680753508231955,2.680753508231956,388.03830103891465,236.04910944866285,18.855956093810068,7.443800578747698,21.07128249457493
2007-04-01,2007,4,16.827825415977998,2.8278254159779976,389.8561820106214,233.066581471656,18.11638244654805,7.440293664805676,21.177896932246217
2007-05-01,2007,5,16.72963292259915,2.729632922599152,390.8989271951807,230.25375779917832,17.08999656023313,7.449388524917237,21.08579717997576
2007-06-01,2007,6,15.885206529404996,1.885206529404995,393.0247313074549,225.42450837119668,14.574820408284928,7.456557969978101,21.101863722005294
2007-07-01,2007,7,15.119123669900288,1.1191236699002882,394.08159671417263,216.87947673022836,12.43438260629263,7.441134661287934,21.12622239913959
2007-08-01,2007,8,13.911695306853812,-0.0883046931461883,394.2902710127096,214.3627502108344,10.738333501402645,7.442087743049467,21.294975392658326
2007-09-01,2007,9,13.21779636935212,-0.7822036306478797,394.090961579141,213.74034108233104,11.12982281567442,7.445432947770575,21.20190707432682
2007-10-01,2007,10,13.135000327568658,-0.8649996724313418,392.0111235831665,215.72187185325112,11.18642060601466,7.444691724823244,21.163965085895207
2007-11-01,2007,11,13.262440102940785,-0.7375598970592154,391.3964123622926,222.28271678645683,12.217574794388105,7.437716157193755,21.107798270692324
2007-12-01,2007,12,13.901204879400362,-0.0987951205996378,390.1724799148461,221.8565781849928,13.962577552202626,7.448998131154769,21.24897657064452
2008-01-01,2008,1,14.988124131575496,0.9881241315754964,390.42797204644273,233.48965895186032,16.382926825181436,7.464654777883034,21.789662970937652
2008-02-01,2008,2,15.930809836881618,1.9308098368816184,389.88923288805984,239.5670358525584,17.85707539299972,7.466055874419593,21.652854693952808
2008-03-01,2008,3,16.830222779383202,2.8302227793832024,390.11518434731687,235.85600525032623,18.69607499954666,7.468750174434671,22.053282234474278
2008-04-01,2008,4,16.884461466651942,2.884461466651942,392.1269650505498,239.2059041238714,17.6995550109654,7.480200236659634,22.074891853714316
2008-05-01,2008,5,16.635792721884886,2.6357927218848864,393.42708560580405,232.37354583976767,16.29376839968469,7.453417761540648,22.028036717042447
2008-06-01,2008,6,16.082334848835217,2.0823348488352167,394.6118619001162,229.0554105063236,14.462316941069227,7.460550896458272,21.702332127204123
2008-07-01,2008,7,15.32881065020235,1.3288106502023496,395.7100440534565,222.967983403683,11.73286588695649,7.478672368970617,21.872894572125
2008-08-01,2008,8,13.927907387371558,-0.0720926126284418,395.7136477643416,221.06057499267223,11.34158579524739,7.462262654783748,21.625656824403524
2008-09-01,2008,9,13.38401999978457,-0.6159800002154299,395.4628588159611,217.12235907470185,10.484940189833914,7.457352128169926,21.80074543758469
2008-10-01,2008,10,13.012035795307574,-0.9879642046924264,394.0779894742405,217.2370360983247,11.127471301105633,7.47072659059149,22.06016190504748
2008-11-01,2008,11,13.232749055614708,-0.7672509443852924,391.9857336458937,221.98553937257543,12.56148868430422,7.482513013221592,21.92158083939882
2008-12-01,2008,12,14.093538784374594,0.0935387843745942,390.6325294104129,227.07051443112343,14.548826083269612,7.5026354777023805,21.89643128877324
2009-01-01,2009,1,14.850809772632914,0.850809772632914,392.1104777286992,240.33129063592725,16.70677954591533,7.491515724256656,22.5915042886704
2009-02-01,2009,2,16.02129562312063,2.021295623120629,391.74161261072686,240.82032962531585,18.088668906676887,7.497655200899215,22.875416457293447
2009-03-01,2009,3,16.64175929393028,2.6417592939302814,391.4239903555751,241.9717729460085,18.31618022636981,7.47354959327845,22.840509700077657
2009-04-01,2009,4,17.07898508501273,3.0789850850127287,393.6389699245344,238.38368730806948,18.08282265970097,7.491868781647157,22.718997518412337
2009-05-01,2009,5,16.648243479760776,2.648243479760776,394.6179158478721,237.93835877477264,16.7795163310625,7.496200105674123,22.696095909375455
2009-06-01,2009,6,15.959945637080477,1.9599456370804769,395.41556388760296,231.6995256950281,14.57318531740171,7.486829627731739,22.39082721918086
2009-07-01,2009,7,14.99932724882233,0.9993272488223308,397.3201150376855,224.533043088611,12.40914775667455,7.47738514140875,22.607456149336905
2009-08-01,2009,8,14.196517972967586,0.1965179729675856,397.6331158469641,221.4743108205812,11.190433312541904,7.477362462601824,22.551662809894683
2009-09-01,2009,9,13.185440267225626,-0.8145597327743737,397.2750986990393,221.89208676942505,10.709763735818838,7.499523796935348,22.705137392892382
2009-10-01,2009,10,13.093233829244184,-0.906766170755816,395.0300246240861,220.77318263184264,11.320312388122408,7.495909777212645,22.30847981668948
2009-11-01,2009,11,13.358763824280349,-0.6412361757196514,394.1408710711941,227.11497348904888,12.509848225110426,7.506197220042668,22.454219270176814
2009-12-01,2009,12,14.01634996085514,0.0163499608551411,392.5286991131734,230.70533722337507,14.012001477392957,7.479752625465807,22.34257149713713
2010-01-01,2010,1,15.197920908420812,1.1979209084208122,394.2508982671851,241.18979250303653,16.13904368361964,7.527978498974182,23.345550403039397
2010-02-01,2010,2,15.929733346361898,1.929733346361898,393.65275799512494,244.1555389502494,18.010734914699004,7.525767750750117,23.720556727457943
2010-03-01,2010,3,16.654706261535743,2.6547062615357437,392.6085574338011,242.3941612567069,18.61319664817552,7.531163316047339,23.523581815770623
2010-04-01,2010,4,17.012337628301925,3.0123376283019248,393.8685641626122,245.30817048048823,17.409499738774795,7.523455639941339,23.397150330133893
2010-05-01,2010,5,16.807205033343994,2.807205033343994,395.2894460655348,238.522349700331,16.861118243836835,7.527428646625892,23.53734521181517
2010-06-01,2010,6,15.944872466648468,1.944872466648468,397.39851200581927,236.12778420531967,14.262889965422875,7.5047882113464945,23.5823050091395
2010-07-01,2010,7,14.87575142248537,0.8757514224853704,399.3491479681597,227.37960884428887,12.36107174501215,7.523024625666233,23.748985851336805
2010-08-01,2010,8,13.98255160312163,-0.01744839687837,399.0364314104787,223.17131108077768,11.076105388868516,7.509431238499854,23.47445400649332
2010-09-01,2010,9,13.362935471078496,-0.6370645289215044,399.45751115060017,223.26814118763565,10.668006911273128,7.510169735816476,23.46499429424095
2010-10-01,2010,10,13.160622302667385,-0.8393776973326155,398.0688123559928,224.2063974573022,10.623959588921476,7.509892627789154,23.353096644462656
2010-11-01,2010,11,13.34625924149832,-0.6537407585016801,396.01509146336025,227.05490892579888,13.219990543023924,7.498241268433506,23.268663507076376
2010-12-01,2010,12,13.91294757249692,-0.0870524275030799,395.0270515539477,234.2610175884359,14.442269206861749,7.520141878569456,23.67909678299444
2011-01-01,2011,1,15.24890162068396,1.2489016206839594,394.0756467607698,242.5782645631388,16.406111764537645,7.525629518355703,24.48479558719633
2011-02-01,2011,2,16.140134786413405,2.1401347864134053,395.01642089865743,245.14018982860824,17.630922716484864,7.553368180440289,24.35568664283968
2011-03-01,2011,3,16.78266505280648,2.782665052806479,394.83122389906526,243.8873191294843,18.87275029539606,7.543783231559142,24.626711323450497
2011-04-01,2011,4,16.988174862047654,2.9881748620476536,397.18338116651927,245.6495631635664,17.963558123850348,7.533837006819661,24.190485451545022
2011-05-01,2011,5,16.84025462117522,2.8402546211752195,397.3152099905275,243.09728884439,16.186398488281668,7.528067469203939,24.147615806438285
2011-06-01,2011,6,15.873475886067649,1.8734758860676488,399.7927319079065,237.5368819420589,14.396993663108814,7.539694994152329,24.58476983849751
2011-07-01,2011,7,15.174943444133136,1.1749434441331346,400.3300525747245,233.23158808680415,12.738886127111996,7.542679147220036,24.59000354299499
2011-08-01,2011,8,13.933133103477958,-0.0668668965220415,401.2993434390414,229.65475862150424,11.11187671419985,7.546411176589089,24.64806882002155
2011-09-01,2011,9,13.26845050981443,-0.7315494901855697,400.1194085977027,226.95990726919163,10.121175129851911,7.535720398670934,24.648953041527147
2011-10-01,2011,10,12.961462672103332,-1.038537327896668,399.79618224264993,226.9605186643957,11.19223144513786,7.5379686129638195,24.749497502497164
2011-11-01,2011,11,13.305312128866955,-0.6946878711330431,397.738293910214,233.17151712676025,12.598565241427828,7.538459185249628,24.59666879912309
2011-12-01,2011,12,13.97216555420423,-0.0278344457957704,396.702325244896,234.93013023098223,14.336769426349484,7.525535567061535,24.367552188361994
2012-01-01,2012,1,15.08713250922082,1.0871325092208188,397.2896364035776,244.44031899835744,16.54232646041362,7.555303926951324,25.144167861903806
2012-02-01,2012,2,16.1573645705717,2.1573645705717013,395.71527683641466,247.04195951621912,17.326610652512397,7.564202230385706,25.17507006828131
2012-03-01,2012,3,16.75407327317223,2.7540732731722315,396.34940553906847,251.7950144122419,18.124907561337167,7.5729346925395555,25.65001809814636
2012-04-01,2012,4,17.304193751486466,3.3041937514864657,397.8883656990263,247.47713144434164,18.1331969418492,7.540902597359749,25.17437640108732
2012-05-01,2012,5,16.80275860713199,2.802758607131992,399.47167802120975,245.76054429509776,16.05682951976632,7.540276539690563,25.14666834457278
2012-06-01,2012,6,15.970068534688886,1.9700685346888864,401.3282197257696,240.03024840759392,14.47652558841122,7.557038172216001,25.451262831194757
2012-07-01,2012,7,14.943308319503744,0.9433083195037444,401.2741593164784,230.57895911433815,12.186532634893524,7.579637895120095,24.931530105362057
2012-08-01,2012,8,14.06731322752224,0.0673132275222396,402.3242935031407,228.34408336399977,10.645760731950292,7.554555476210734,25.42775600154812
2012-09-01,2012,9,13.10653106757265,-0.8934689324273499,401.8689376458821,230.4706179164291,10.212016277470015,7.548934888892323,25.2476859082197
2012-10-01,2012,10,13.1569984081034,-0.8430015918965985,400.24723531424434,231.9747563255193,10.740446163867649,7.539615739627234,25.271306960356892
2012-11-01,2012,11,13.362219032033405,-0.6377809679665951,398.9036381173946,234.20151166663751,12.288793335324508,7.560421783531603,25.08629978055133
2012-12-01,2012,12,14.117185407740651,0.1171854077406528,397.8595311652398,240.1664829759588,14.525028769667484,7.560744679486066,25.11823263498977
2013-01-01,2013,1,15.008893390669677,1.0088933906696766,398.1859924623149,247.3727116677471,16.21102694236794,7.583358927574831,25.755176777703998
2013-02-01,2013,2,16.045831640362852,2.0458316403628523,397.8177160401103,253.29437182037205,17.634495902762506,7.568976435737973,25.94731642156869
2013-03-01,2013,3,16.822780321252267,2.8227803212522677,398.7742763032252,254.4699013164216,18.35829580337743,7.561440281315089,26.335131408528305
2013-04-01,2013,4,17.281062066688623,3.281062066688623,398.380461728119,247.1928273902092,18.205640931558364,7.590585640990869,26.202672472313616
2013-05-01,2013,5,16.858055273494344,2.858055273494344,400.31776644605577,248.07103175381403,16.306583690981185,7.580575232553357,25.947164482115262
2013-06-01,2013,6,16.04662460013817,2.04662460013817,402.0375406095868,243.0916275782473,14.241166464520369,7.573920161603566,26.04191523479756
2013-07-01,2013,7,15.066928517506549,1.0669285175065486,404.3272682955428,237.57674675315172,12.334290823995932,7.584271393199116,25.891533392413187
2013-08-01,2013,8,14.117792175360853,0.1177921753608526,403.91008769080713,235.6746339657139,10.851589024010394,7.577343847258216,26.257271485063765
2013-09-01,2013,9,13.370773875937976,-0.6292261240620238,403.8808652011353,232.98028363237023,10.08860697724778,7.569643716255092,25.90739256373484
2013-10-01,2013,10,13.060116447633806,-0.9398835523661936,402.7288845413835,237.7739990530256,10.308718149594243,7.593093975647712,26.285818959902223
2013-11-01,2013,11,13.408400027285744,-0.5915999727142562,400.72972123611567,240.04826705236627,12.824614654098504,7.574011394065638,26.347903119044343
2013-12-01,2013,12,14.0536028669605,0.0536028669604995,399.3881961436674,240.68256548649745,14.195650217935205,7.589741921669998,26.115152034695093
2014-01-01,2014,1,15.021634392713322,1.021634392713322,399.8899269627313,250.0740020523532,16.534312889167275,7.602084757759965,27.390239615089325
2014-02-01,2014,2,16.13421022614058,2.1342102261405813,399.7307439195196,257.8739406512704,18.065361285828374,7.597158055061111,26.78913425004368
2014-03-01,2014,3,16.837980661239726,2.837980661239726,400.3309306148205,256.1031130638454,18.46864590103426,7.60014464232486,27.074999412887752
2014-04-01,2014,4,17.08195837619064,3.081958376190641,401.6745429395109,251.94356856368844,17.501181870641553,7.602364005697954,26.761717005855512
2014-05-01,2014,5,16.881073629745412,2.881073629745412,402.6690545071183,251.91414558290188,16.2846558603528,7.584086510622647,27.073959766345748
2014-06-01,2014,6,16.001992834310382,2.001992834310382,404.3735187830447,245.9998854042664,13.842102413984271,7.59598750330855,27.175272707693686
2014-07-01,2014,7,15.001799701016267,1.0017997010162674,405.0591547618586,244.37621221221792,12.241880146319716,7.59119588759599,26.90278218195398
2014-08-01,2014,8,14.03328446943577,0.0332844694357703,405.4559771192058,239.2813328561245,10.901994918834635,7.5874770207208195,26.662453121484177
2014-09-01,2014,9,13.360693267254524,-0.6393067327454762,404.7481180799314,239.28840612334545,10.412177983930324,7.595272432561557,27.2394722516281
2014-10-01,2014,10,13.029155361790847,-0.9708446382091508,404.54165490630055,238.94107365450077,10.58258190709858,7.609546366909615,27.047794807387493
2014-11-01,2014,11,13.372071458666715,-0.6279285413332829,401.5462731017127,241.372421875096,11.962100455286294,7.60359176711341,27.012298574243665
2014-12-01,2014,12,14.041941443558995,0.0419414435589953,400.852509808322,247.5806308238865,13.956162852704804,7.601187249500047,26.86638017985351
2015-01-01,2015,1,15.0729139813265,1.0729139813265007,401.4426653894466,253.9697942841014,15.626148751645047,7.61944852665393,27.89730281777959
2015-02-01,2015,2,16.02917729437856,2.0291772943785595,401.8406689784047,257.69872652807817,18.13674376772761,7.619363197762428,27.997464129666252
2015-03-01,2015,3,16.935903623352445,2.935903623352445,401.0512141625093,260.4470680582491,17.939703472303925,7.614160843368275,27.85395757191104
2015-04-01,2015,4,17.059914515973144,3.059914515973144,401.7209879160412,259.8044164509632,17.381403798347634,7.617954041960623,28.07452669204893
2015-05-01,2015,5,16.895203063378048,2.895203063378048,404.4436235119138,252.78399325276945,15.840195165710115,7.599638207033721,28.14517989955572
2015-06-01,2015,6,16.205056346822847,2.205056346822847,404.948936565854,248.4790606656968,14.114400239691385,7.618142720758397,27.99990944462633
2015-07-01,2015,7,15.104311951995776,1.1043119519957756,406.3026153096391,239.7219404982389,12.241887353550668,7.632555659801333,27.787267114877015
2015-08-01,2015,8,14.254892922246118,0.2548929222461176,407.7317133745696,240.2352368734716,10.446431818490924,7.629289867468127,28.442138746300028
2015-09-01,2015,9,13.408979159921998,-0.5910208400780022,405.9332530628107,243.30707167178664,9.81284544797637,7.628431553874525,28.05867578514281
2015-10-01,2015,10,13.014724431528316,-0.9852755684716836,405.184094656238,241.29508839172547,10.819123503088818,7.624923635448352,28.115841712576454
2015-11-01,2015,11,13.470607683479692,-0.5293923165203083,403.34239152366575,244.23020911672307,12.344881919935451,7.626423015848469,27.83887375609534
2015-12-01,2015,12,13.934045378902926,-0.0659546210970738,402.4953263524184,250.3681812899105,13.67647057362883,7.619022874342495,28.19845276164495
2016-01-01,2016,1,15.093041710581742,1.0930417105817425,402.9207582099818,256.194984458835,16.697724440794808,7.648956133676765,28.67937352033613
2016-02-01,2016,2,16.11755420858607,2.1175542085860712,402.467044450644,262.9038404963905,17.172307450942622,7.63549832570036,29.129099159402728
2016-03-01,2016,3,16.934853677705696,2.9348536777056964,402.6489875179741,265.50476348742245,18.144759402205825,7.62614156418568,28.78106864489238
2016-04-01,2016,4,17.314224200165082,3.314224200165082,404.134524995379,261.38146016454573,17.414196881822978,7.622379459059262,29.04487453580266
2016-05-01,2016,5,16.73042491258194,2.7304249125819418,404.75943623117416,257.5450430338191,16.29346946944811,7.635184315629878,29.08492213006897
2016-06-01,2016,6,16.197454778864664,2.197454778864664,407.2335051923209,254.20917167644632,14.02552520713732,7.632123178849329,28.94159943737355
2016-07-01,2016,7,15.186142576817256,1.1861425768172555,408.4172368494163,247.12157040441505,12.715619271962115,7.619466679355189,28.75123992487572
2016-08-01,2016,8,14.125050994487887,0.1250509944878874,408.3507968395474,242.57348473220296,10.651769451772386,7.62957574861543,28.999887354876275
2016-09-01,2016,9,13.5462460279426,-0.4537539720574006,407.6735096512522,244.7758270715806,10.053821530683935,7.639307401194209,29.01075525395877
2016-10-01,2016,10,13.14048435266777,-0.8595156473322305,407.4833643905058,247.9178342408948,10.483001758877172,7.617679775487459,28.85438336291574
2016-11-01,2016,11,13.382679474494394,-0.6173205255056065,406.0632137947124,250.26324141773185,12.251177112865207,7.61662529862848,28.83939058371341
2016-12-01,2016,12,14.287553958795945,0.2875539587959448,404.2537117061325,252.64831412787103,13.958559118102237,7.632158879218423,29.37383891439448
2017-01-01,2017,1,15.111980565067006,1.1119805650670056,404.52810762513656,261.9610260553192,16.479679791740654,7.652727517449925,29.91750153040374
2017-02-01,2017,2,16.25087061317196,2.2508706131719585,405.38613652188286,264.2654641934295,17.26950162665876,7.6486380643459695,30.17839433674461
2017-03-01,2017,3,16.964210495249873,2.9642104952498727,405.1168663025552,266.3030278690072,18.40131932249943,7.639333594261478,29.804403942808417
2017-04-01,2017,4,17.203585182168784,3.2035851821687835,405.4055205044801,265.35366913476696,18.08826650737511,7.647348300620142,30.09040403406313
2017-05-01,2017,5,16.77604059004999,2.776040590049991,407.2987374098029,266.3077468547709,16.37942264539655,7.644376164811708,29.624177445487916
2017-06-01,2017,6,16.09674279408192,2.096742794081919,409.1790593514029,256.58293929458,14.341951984837184,7.6498272918029215,30.1871534256305
2017-07-01,2017,7,15.136813700113688,1.136813700113688,409.8127191339184,250.7790842446841,12.130016600925924,7.658290308656161,30.176660421593564
2017-08-01,2017,8,14.002375898103365,0.002375898103363,410.254416328032,246.6491686783129,10.158870507126846,7.636294849949843,30.06344450293913
2017-09-01,2017,9,13.40520068018011,-0.5947993198198898,408.64764448683184,247.553405555584,10.087472598683336,7.641833351342149,30.182778704374027
2017-10-01,2017,10,13.088050385174602,-0.9119496148253976,409.1650289031082,244.02664258757449,10.37261013774251,7.655042510088011,29.920046871181828
2017-11-01,2017,11,13.42525050355561,-0.5747494964443902,408.3681697055226,249.78537275644103,11.766599059823614,7.646671949756926,29.83815288415098
2017-12-01,2017,12,14.07492785168083,0.0749278516808296,405.8795599867991,249.7867185130879,13.762530646121682,7.65183303501724,29.925230718636108
2018-01-01,2018,1,15.140378991290373,1.1403789912903726,406.5614106116949,262.08172554231487,15.943639081200986,7.681304709234419,31.230363136330705
2018-02-01,2018,2,16.005831585269153,2.005831585269153,405.4860531011744,267.59342187562817,17.6119019388529,7.663104629507081,31.33472673393746
2018-03-01,2018,3,17.015171404220304,3.015171404220304,406.6061981803309,271.33664986707055,18.13575806929573,7.666742812260164,31.470804795307107
2018-04-01,2018,4,17.093376198769665,3.093376198769665,407.818839807403,268.33863555467764,17.48279315016368,7.669694548159621,31.25780178955932
2018-05-01,2018,5,16.929535314582875,2.929535314582875,407.676411778342,265.5443056683814,16.246562564205654,7.674724071474997,31.105099572127006
2018-06-01,2018,6,16.058420312122607,2.058420312122607,410.9577295593612,261.89968658825734,14.58455783765209,7.653844598948594,31.24859028927203
2018-07-01,2018,7,15.177642706129866,1.1776427061298662,411.3922322504823,256.77930828338543,12.272039932540228,7.645998924699359,30.77857113120284
2018-08-01,2018,8,14.235127365414094,0.2351273654140939,411.814875005409,255.2177401328664,11.023711066765811,7.6694040851937535,31.22808206519445
2018-09-01,2018,9,13.441453977526228,-0.5585460224737719,411.7591773593877,249.8012621938908,10.159722383466548,7.6867684843788435,30.995344752876445
2018-10-01,2018,10,13.025418290021324,-0.9745817099786755,410.4226747861568,250.3200939627648,10.538983836269956,7.65583624472874,31.041519650182344
2018-11-01,2018,11,13.478650126722732,-0.5213498732772681,408.0782203245898,254.81566861184365,12.552376874225404,7.645716128871917,30.895685794011943
2018-12-01,2018,12,14.040771018453333,0.0407710184533325,406.9871738652234,261.5343146986285,13.898286319310031,7.678346831879451,30.998290982252133
2019-01-01,2019,1,15.122629849149098,1.1226298491490976,406.9491283317566,273.12057770232144,16.50110098115022,7.684785087317156,32.424546784191
2019-02-01,2019,2,16.23591342288628,2.2359134228862807,406.7964940645139,269.7057961010405,17.04149144257477,7.688653504423243,32.175960237792715
2019-03-01,2019,3,16.95351483167952,2.95351483167952,407.71654219994895,268.93504030312783,17.60909909004637,7.668026257767472,32.02723827745406
2019-04-01,2019,4,17.079957710456032,3.079957710456032,409.6522347250048,271.6985157587585,17.626041015012333,7.677730838994861,31.9975603899994
2019-05-01,2019,5,16.85422936884237,2.8542293688423683,410.4953885226252,268.854435654509,16.282790171184292,7.686531978875431,32.34148819275287
2019-06-01,2019,6,16.037758597713093,2.037758597713093,411.9846420692911,264.3430218468548,14.402360202643472,7.673390017366495,32.17517747480885
2019-07-01,2019,7,15.13442450033348,1.1344245003334803,412.75581744258375,255.5579142025807,12.24642380739228,7.690942844008466,32.435741027050085
2019-08-01,2019,8,14.08766786591774,0.087667865917739,413.6267937170491,254.84951418477044,10.515047600249902,7.687831255072853,32.09377952824602
2019-09-01,2019,9,13.573748356723284,-0.426251643276716,412.8178120804454,252.39425088220804,10.256901539138916,7.678337122188267,32.25224561600106
2019-10-01,2019,10,13.087404780261236,-0.9125952197387656,411.77768444616754,253.68000328056587,10.249742170709215,7.676496799399983,32.28215389318236
2019-11-01,2019,11,13.43883431155047,-0.5611656884495293,410.5994575852806,260.23408484237734,11.47733790773776,7.695590340091723,32.328911795777245
2019-12-01,2019,12,13.948639052162711,-0.0513609478372885,408.6105900895943,263.2196674598999,14.05132590676475,7.698082177698207,31.84703143528902
2020-01-01,2020,1,15.01074120532795,1.0107412053279496,409.54721316319086,270.24067745241894,15.828606648745533,7.682092694719524,33.7610581511642
2020-02-01,2020,2,16.210976676182952,2.210976676182952,408.8049658764484,277.43120345252976,17.882721192278503,7.694471603831573,33.326382737497944
2020-03-01,2020,3,16.916151287998673,2.916151287998673,410.25259140164,276.56168779176426,18.100493877742707,7.700222761645118,33.313890913278655
2020-04-01,2020,4,17.07279473455816,3.0727947345581583,410.50684898369406,275.8614000160275,17.418584055528928,7.6923025201383295,33.20981884323023
2020-05-01,2020,5,16.738153571191088,2.738153571191088,412.5269408104499,272.1373095062199,15.731658573632211,7.698822496246152,33.240725338480544
2020-06-01,2020,6,16.092943068886594,2.092943068886594,413.3392760924559,263.32456494594425,13.73971549412902,7.692451623485409,33.096267415483645
2020-07-01,2020,7,14.954909345926596,0.9549093459265964,414.1662618273128,265.0266937195465,11.607166376073808,7.7004515292268305,33.14463517950701
2020-08-01,2020,8,13.98483531805674,-0.0151646819432595,415.0684216601141,259.4650720338373,10.018740915034703,7.6965715003413395,33.44046557088997
2020-09-01,2020,9,13.56705634725591,-0.4329436527440897,413.9998422864392,255.39826532444675,10.138528896425807,7.688497457450978,33.20570390530337
2020-10-01,2020,10,12.954914806117118,-1.0450851938828816,413.3786644410815,258.452625825649,10.610478691942632,7.688387246172119,33.4695941419831
2020-11-01,2020,11,13.549068695571275,-0.4509313044287246,412.682823836001,257.1268521165167,11.32547313376264,7.6972064663480895,33.291901928578696
2020-12-01,2020,12,14.185936060791882,0.1859360607918816,410.3928326812276,265.72227328985065,14.188292867897871,7.708781858858986,32.96988972062917
2021-01-01,2021,1,15.196514835520212,1.1965148355202118,409.8841996685573,272.3187560490229,16.764068009789845,7.702313547513762,34.44104107797496
2021-02-01,2021,2,16.118488460807246,2.118488460807246,411.3747303882329,278.5438201797949,17.69623739123472,7.69486340916292,34.29765795124218
2021-03-01,2021,3,16.910847738725423,2.9108477387254226,410.58057726890576,274.9400050233884,17.715600699639854,7.713299003279942,34.361330915338904
2021-04-01,2021,4,17.16764199953744,3.167641999537441,412.43632190288656,279.3146874125081,17.535377258900095,7.703492424000229,34.654585866513905
2021-05-01,2021,5,16.969533635212617,2.969533635212617,413.5635909839514,271.0059386552008,15.644068112665597,7.719951715189729,34.53787363901781
2021-06-01,2021,6,16.060961491691575,2.0609614916915757,415.5925331706469,266.4881791565696,13.81407359768582,7.724038340456553,34.42725255268139
2021-07-01,2021,7,15.104884787188862,1.1048847871888618,415.5560112754234,263.4301499432779,12.241576008002369,7.712293839613666,34.901073728622485
2021-08-01,2021,8,14.079854943342363,0.0798549433423634,416.5521735177865,261.792663046532,10.634361044008624,7.724266728348194,34.30319627672534
2021-09-01,2021,9,13.309223420719288,-0.6907765792807119,416.4678369175093,256.1531969100653,9.758487169010314,7.705602666806616,34.616759962887805
2021-10-01,2021,10,13.17893294786804,-0.8210670521319603,414.9077892640442,259.9699581109688,10.196577686723831,7.711314445930021,34.57254728347201
2021-11-01,2021,11,13.296471158436413,-0.703528841563589,413.43227977350233,264.47949094059607,11.743357642032816,7.716271311152571,34.16354504519232
2021-12-01,2021,12,14.191185398480716,0.1911853984807159,412.3420627278303,268.8188807333179,13.856772231021148,7.711561073355904,34.80364761160961
2022-01-01,2022,1,15.173995322778705,1.173995322778703,413.0585199653272,278.4801786020855,15.876745205384257,7.7231948440330385,35.84795541810138
2022-02-01,2022,2,16.050292173785238,2.050292173785237,412.4329654986343,279.2225729594864,17.31023417047322,7.73950655107748,35.871707879085065
2022-03-01,2022,3,16.975486354270995,2.975486354270995,412.8090197602865,279.7711734225636,17.92148920129433,7.725864404060523,35.74610165130693
2022-04-01,2022,4,17.207751113670405,3.2077511136704047,413.53462315427066,279.97218541151346,16.613021888708364,7.710432215981009,35.790830811955054
2022-05-01,2022,5,16.996667068472885,2.9966670684728847,415.55004530400487,274.50507581816566,15.683550192997084,7.716089866830583,35.89500895229352
2022-06-01,2022,6,16.148880702084234,2.1488807020842344,416.6958969733496,272.9414084391274,13.423377047968591,7.724677847938983,35.39661875337818
2022-07-01,2022,7,15.063897896108948,1.0638978961089478,417.7860316337095,269.157760517482,11.690004004812216,7.743189242051707,35.451728358051135
2022-08-01,2022,8,14.193843030282384,0.1938430302823839,418.8384438485487,265.09821352393163,10.248868146240085,7.729705430272672,35.792055029014776
2022-09-01,2022,9,13.240813186080484,-0.7591868139195146,418.92170711241926,262.8768184953956,9.829720136629978,7.706298198700112,35.7408197101374
2022-10-01,2022,10,13.227579530255202,-0.772420469744798,417.02240899865495,261.9203750476282,10.633318158806178,7.726785875386485,35.348441723894545
2022-11-01,2022,11,13.577390018569778,-0.422609981430222,414.806202830606,267.97075460088183,11.969618787741986,7.72863085246336,36.27701677274237
2022-12-01,2022,12,14.173692184592298,0.1736921845922978,413.887053653386,272.19210011449684,13.470827264531083,7.721153556472437,36.08083676885877
2023-01-01,2023,1,15.14370396417218,1.143703964172181,413.8290499822541,280.1699994330598,15.67998058951436,7.731461960422587,36.87186252832031
2023-02-01,2023,2,16.133906713034353,2.133906713034353,413.61065515853824,286.4413583778025,17.050921874462706,7.743771595607793,37.1586713791469
2023-03-01,2023,3,16.888857228989757,2.8888572289897567,413.9303582391119,287.7904442886632,17.501857314381965,7.735132529544762,36.98468095660465
2023-04-01,2023,4,17.23537824941829,3.235378249418289,415.80058366342814,287.4793341014635,17.244746782325056,7.726674035120595,37.25939930552118
2023-05-01,2023,5,16.798546526342786,2.7985465263427862,416.8194082132789,281.6939217761029,15.6815106712277,7.742495435830788,37.0413829454347
2023-06-01,2023,6,16.279152036311622,2.279152036311622,417.9188933385816,273.3119890432269,13.481773920873684,7.736523300029316,36.76459874400267
2023-07-01,2023,7,15.024843063478162,1.024843063478162,420.2446409966364,271.4957370979953,11.952665534795592,7.744411584491777,37.06794894597793
2023-08-01,2023,8,14.080608641852178,0.0806086418521783,419.6293224506617,266.91257538055106,10.21256805910012,7.725587311731623,36.9803292889349
2023-09-01,2023,9,13.40859905457135,-0.5914009454286493,419.81006810850977,265.56389719534445,9.738992955247207,7.734019182097923,37.10053509521265
2023-10-01,2023,10,13.192186474173006,-0.8078135258269938,418.3065072941053,264.5443163036486,9.968186145525666,7.727344461972328,37.468837262029055
2023-11-01,2023,11,13.410105116969117,-0.589894883030885,416.53044861453895,270.01509039559846,11.57800672433302,7.732346320321432,37.37034849950881
2023-12-01,2023,12,14.06048639725002,0.0604863972500187,415.0797434048054,279.0866733341962,13.805278406611118,7.760174121371366,36.91295183266337
2024-01-01,2024,1,15.083264120448016,1.0832641204480158,416.1573061725068,281.58059467707864,16.311740093885284,7.76567636823938,38.44887660799573
2024-02-01,2024,2,16.169898319830033,2.169898319830033,415.0211548858308,289.8941983341391,16.854393438654856,7.776860731864429,38.460177100943504
2024-03-01,2024,3,16.95324021521087,2.9532402152108688,416.0799114791629,288.9679860314937,17.344335725422564,7.7541990615359,38.396184621948045
2024-04-01,2024,4,16.93175600684314,2.931756006843141,416.4898688796279,287.75824444112743,16.997092906533968,7.752018184637952,38.63597518350568
2024-05-01,2024,5,16.987453974492364,2.9874539744923645,418.5067084194806,282.73572086817336,16.061610468333658,7.735563867149026,38.05072995596213
2024-06-01,2024,6,16.291940660104494,2.291940660104494,419.6058017821156,276.8623816592189,13.692060266368564,7.741325973623353,38.25260070782198
2024-07-01,2024,7,15.207582557159272,1.207582557159272,421.11025182501714,273.124432338527,12.14269929726296,7.741772886425416,38.38666675516544
2024-08-01,2024,8,14.221337530987093,0.2213375309870926,421.6557968792839,271.1335260570795,10.3508688219093,7.757383925718873,38.20219829161444
2024-09-01,2024,9,13.40533371454588,-0.5946662854541209,420.9158494763717,270.21320445166526,10.086496150231802,7.763055440420804,38.02689657789595
2024-10-01,2024,10,13.232147789006182,-0.7678522109938175,419.53118941311226,271.7273986690532,10.171689231556286,7.7570243389444125,38.382869379159374
2024-11-01,2024,11,13.53103621605617,-0.4689637839438294,418.10883705444456,274.70065016902606,11.44980529767919,7.732353512652434,38.25632811318888
2024-12-01,2024,12,14.234464447092268,0.2344644470922681,417.0489587269156,280.12974728444715,13.739601148727807,7.756212795808651,38.54175760744896
2025-01-01,2025,1,15.2612708181049,1.261270818104899,417.4428694857544,285.36903074235977,15.26924527467267,7.765199367833745,39.94384465242164
2025-02-01,2025,2,16.26248282952681,2.2624828295268102,417.21451764636777,292.0405507881032,17.500638180559903,7.777576293409751,39.62478783687752
2025-03-01,2025,3,17.002499021484297,3.0024990214842973,417.33111951976457,292.72122257714875,17.770929105170836,7.7550379469206945,39.71221035880768
2025-04-01,2025,4,17.21034467559537,3.210344675595369,418.2562046301782,293.1082368527526,16.981697598802292,7.777270393936405,39.43719422456476
2025-05-01,2025,5,16.893212935452297,2.893212935452297,419.9370215107499,283.17301219063296,15.203030527517932,7.763308001660093,39.6335509400172
2025-06-01,2025,6,15.969970487721572,1.969970487721572,420.7293325341791,282.6489126080241,13.456416838282646,7.741435211613217,40.01892983642249
2025-07-01,2025,7,15.299211729561028,1.2992117295610282,422.68465033729706,276.7003212293527,12.229664071750989,7.754240100931664,39.999077588331424
2025-08-01,2025,8,14.175894813094068,0.175894813094068,422.6770437553386,274.6217572194475,10.098556862059397,7.763780921606792,39.66038610150172
2025-09-01,2025,9,13.369679132475326,-0.6303208675246736,422.1845492639886,270.8103711369543,9.371015371291277,7.767063332914166,39.79726041915476
2025-10-01,2025,10,13.248102912878643,-0.7518970871213551,421.64978996454784,272.4473495746387,10.23599206436564,7.769740001543773,39.34969063999633
2025-11-01,2025,11,13.453400673841642,-0.5465993261583577,420.7956882531435,281.11752683513134,11.143988935571974,7.767067444130196,39.64720275970625
2025-12-01,2025,12,14.166607839463852,0.1666078394638521,419.0002810725889,283.7702764753121,14.085510668927368,7.75241828259985,39.59373618281126
